CustomerID,Recency,Frequency,Monetary,Cluster
12347,96.0,7,4310.0,1
12348,221.0,4,1797.24,0
12350,312.0,1,334.4,2
12352,275.0,8,2506.04,1
12355,97.0,1,459.4,0
12356,129.0,3,2811.43,0
12357,183.0,1,6207.67,0
12358,4.0,2,1168.06,0
12359,10.0,4,6372.58,1
12362,31.0,10,5226.23,1
12363,37.0,2,552.0,0
12364,302.0,4,1313.1,2
12367,213.0,1,168.9,2
12370,69.0,4,3545.69,1
12371,31.0,2,1887.96,0
12372,36.0,3,1298.04,0
12373,343.0,1,364.6,2
12375,305.0,2,457.5,2
12378,306.0,1,4008.62,2
12380,158.0,4,2724.81,1
12381,1.0,5,1845.31,1
12383,10.0,5,1850.56,1
12384,30.0,2,585.27,0
12386,193.0,2,401.9,0
12388,99.0,6,2780.66,1
12393,40.0,4,1582.6000000000001,0
12394,154.0,2,1272.48,0
12395,6.0,12,3018.63,1
12397,244.0,2,2409.9,0
12399,3.0,4,1108.65,0
12401,100.0,1,84.3,0
12406,96.0,2,3415.3,0
12407,187.0,5,1708.1200000000001,1
12408,153.0,5,2888.55,1
12409,66.0,3,11072.67,1
12410,253.0,2,693.3299999999999,2
12413,193.0,3,758.1,0
12414,189.0,3,562.41,0
12415,71.0,21,124914.53,1
12417,182.0,9,3649.1,1
12420,154.0,1,600.39,0
12422,216.0,3,803.5600000000001,0
12423,90.0,8,1859.31,1
12427,62.0,3,825.8,0
12428,33.0,9,7956.46,1
12429,455.0,4,3750.4,2
12431,3.0,15,6487.45,1
12433,90.0,7,13375.87,1
12436,336.0,1,509.01,2
12437,10.0,18,4951.41,1
12441,486.0,1,173.55,2
12442,182.0,1,172.06,0
12444,1.0,5,5005.46,1
12447,68.0,1,476.49,0
12449,93.0,4,4067.29,1
12450,187.0,2,197.88,0
12451,215.0,5,9035.52,1
12455,187.0,6,2466.86,1
12457,245.0,7,2363.23,1
12461,126.0,2,826.88,0
12462,100.0,2,1189.59,0
12463,7.0,4,1344.78,0
12464,284.0,8,1212.05,1
12468,219.0,2,729.5400000000001,0
12471,152.0,30,19824.05,1
12472,153.0,7,6572.11,1
12473,61.0,5,3938.5499999999997,1
12474,4.0,18,7375.79,1
12476,220.0,11,6816.42,1
12477,39.0,6,13219.74,1
12478,182.0,1,680.99,0
12480,30.0,4,3281.63,1
12481,163.0,10,5596.32,1
12483,36.0,8,2484.98,1
12484,153.0,6,4541.72,1
12489,163.0,1,334.93,0
12490,97.0,10,5417.93,1
12491,334.0,1,460.40000000000003,2
12492,154.0,2,263.21000000000004,0
12494,338.0,7,1246.1000000000001,2
12500,71.0,11,4257.82,1
12501,163.0,1,2169.39,0
12502,189.0,5,3723.87,1
12504,91.0,2,482.04999999999995,0
12507,157.0,3,1304.81,0
12508,61.0,2,398.27,0
12512,245.0,2,138.03,2
12516,5.0,2,1312.06,0
12517,30.0,5,2502.84,1
12518,1.0,5,2056.89,1
12519,154.0,1,340.84,0
12520,38.0,5,2634.26,1
12523,10.0,11,1789.77,1
12524,71.0,8,4485.72,1
12526,90.0,3,1316.66,0
12528,130.0,6,1933.48,1
12530,31.0,4,1662.28,0
12532,91.0,1,349.83000000000004,0
12534,337.0,1,1089.18,2
12535,93.0,2,716.35,0
12536,31.0,3,12601.830000000002,1
12538,61.0,1,363.95,0
12539,71.0,4,5568.35,1
12540,40.0,17,13400.24,1
12541,61.0,3,981.18,0
12544,275.0,1,372.7,2
12547,252.0,2,207.79999999999998,2
12552,334.0,2,437.82,2
12553,1.0,10,3692.28,1
12556,34.0,2,603.71,0
12557,40.0,5,11990.960000000001,1
12558,302.0,1,269.96,2
12559,312.0,2,561.71,2
12560,243.0,3,2134.01,0
12561,70.0,1,238.85,0
12562,217.0,7,3781.7400000000002,1
12567,127.0,10,9401.28,1
12569,1.0,32,4124.69,1
12571,64.0,2,519.61,0
12572,333.0,2,1020.42,2
12576,131.0,5,1315.83,0
12577,244.0,3,657.8,0
12580,160.0,1,415.7,0
12583,1.0,15,7281.38,1
12584,158.0,9,2338.15,1
12587,302.0,1,144.0,2
12589,30.0,2,646.68,0
12590,6.0,2,9864.26,1
12592,67.0,2,437.6,0
12593,220.0,3,418.09999999999997,0
12594,64.0,10,3338.2200000000003,1
12596,37.0,2,618.27,0
12597,96.0,4,3811.22,1
12598,30.0,8,3023.08,1
12599,34.0,7,1032.58,1
12600,30.0,10,2599.04,1
12601,40.0,5,577.0600000000001,0
12602,1.0,1,153.12,0
12607,62.0,1,1579.51,0
12609,188.0,3,1126.85,0
12610,217.0,5,2099.54,1
12614,161.0,1,315.6,0
12615,152.0,4,2291.19,1
12616,216.0,2,713.3,0
12617,61.0,1,355.53,0
12619,183.0,9,3641.24,1
12621,6.0,20,13689.67,1
12623,130.0,1,305.1,0
12625,6.0,2,2683.82,0
12626,184.0,9,6620.48,1
12627,184.0,7,4478.53,1
12628,183.0,3,786.46,0
12633,1.0,4,2163.98,1
12635,32.0,2,1689.18,0
12637,93.0,8,6021.9,1
12638,183.0,1,671.69,0
12643,40.0,6,3344.64,1
12644,306.0,1,477.91,2
12645,183.0,4,1775.18,0
12646,213.0,2,1346.97,0
12647,32.0,12,3722.82,1
12648,126.0,1,318.05,0
12649,36.0,3,623.51,0
12650,182.0,1,314.44,0
12651,101.0,1,114.0,0
12652,10.0,1,919.98,0
12654,303.0,5,601.98,2
12659,61.0,1,91.68,0
12662,90.0,11,3849.78,1
12664,1.0,9,4881.88,1
12667,1.0,1,620.13,0
12669,4.0,3,2744.0299999999997,1
12670,61.0,5,2996.05,1
12673,243.0,2,610.52,0
12674,93.0,4,1970.6,1
12676,125.0,6,1331.39,1
12678,219.0,12,17628.46,1
12679,1.0,4,1113.02,0
12680,32.0,4,862.81,0
12681,34.0,22,13787.54,1
12682,3.0,31,12288.22,1
12683,6.0,15,8476.57,1
12684,67.0,7,2283.63,1
12685,30.0,6,2863.08,1
12686,639.0,1,89.14,2
12689,247.0,2,1247.61,0
12691,1.0,6,1035.8,1
12693,6.0,4,855.91,0
12694,95.0,2,869.67,0
12695,245.0,4,582.1,0
12697,30.0,3,957.59,0
12700,128.0,4,4939.99,1
12701,37.0,2,797.71,0
12704,244.0,8,2340.84,1
12705,129.0,9,6868.29,1
12708,61.0,10,2712.91,1
12709,1.0,15,9736.52,1
12710,246.0,3,1149.02,0
12712,10.0,13,4396.13,1
12713,90.0,1,848.55,0
12716,182.0,2,1053.49,0
12717,34.0,2,1030.98,0
12719,215.0,2,644.95,0
12720,4.0,25,5781.73,1
12721,95.0,6,2656.13,1
12722,4.0,4,997.63,0
12723,182.0,5,725.07,0
12724,40.0,4,1031.41,0
12725,639.0,1,427.8,2
12726,30.0,7,2609.1,1
12727,216.0,7,3980.7,1
12728,40.0,4,836.33,0
12731,36.0,12,18895.91,1
12735,193.0,2,779.5699999999999,0
12736,40.0,1,234.0,0
12738,666.0,1,155.35,2
12739,335.0,2,1013.04,2
12740,154.0,1,427.6,0
12744,221.0,7,21279.29,1
12747,152.0,11,4196.01,1
12748,5.0,209,33719.73,1
12749,67.0,5,4090.88,1
12750,278.0,1,275.88,2
12753,100.0,6,21429.39,1
12754,161.0,3,3010.74,0
12755,252.0,2,3811.95,0
12757,5.0,13,7857.1,1
12758,130.0,2,2791.59,0
12759,99.0,3,1531.44,0
12762,302.0,2,1898.52,2
12763,578.0,2,494.08,2
12766,101.0,7,6989.63,1
12772,31.0,1,892.47,0
12775,280.0,5,1386.04,0
12778,96.0,6,822.23,0
12779,221.0,8,3981.36,1
12781,154.0,2,826.74,0
12782,213.0,5,2330.92,1
12783,152.0,6,2225.91,1
12785,425.0,1,311.95,2
12787,93.0,3,463.66,0
12789,215.0,1,91.85,2
12791,698.0,1,192.60000000000002,2
12793,101.0,2,545.48,0
12794,305.0,2,860.41,2
12797,455.0,1,254.03,2
12802,188.0,1,427.58,0
12808,127.0,3,483.65000000000003,0
12816,216.0,2,572.2,0
12817,283.0,1,166.04,2
12820,182.0,4,942.34,0
12821,97.0,1,92.72,0
12823,246.0,5,1759.5,1
12824,31.0,1,397.12,0
12826,61.0,7,1474.72,1
12827,153.0,3,430.15000000000003,0
12828,152.0,6,1018.71,0
12829,163.0,2,293.0,0
12830,93.0,6,6814.64,1
12832,153.0,2,383.03,0
12834,311.0,1,312.38,2
12836,31.0,4,2612.86,1
12838,183.0,2,683.13,0
12839,96.0,14,5591.42,1
12840,66.0,4,2726.77,1
12841,5.0,25,4022.35,1
12842,253.0,2,1118.99,0
12843,67.0,8,1702.26,1
12844,61.0,2,325.96000000000004,0
12849,122.0,2,1050.8899999999999,0
12851,246.0,1,135.18,2
12854,7.0,3,1324.5,0
12855,667.0,1,38.1,2
12856,30.0,6,2179.93,1
12857,70.0,2,1106.4,0
12865,125.0,2,1568.23,0
12866,342.0,1,559.12,2
12867,97.0,7,4036.82,1
12868,10.0,6,1607.0600000000002,1
12872,455.0,2,599.97,2
12873,311.0,1,374.0,2
12875,364.0,2,343.2300000000001,2
12877,156.0,12,1535.77,1
12879,93.0,3,573.22,0
12881,99.0,1,298.0,0
12882,183.0,2,1463.04,0
12883,32.0,4,703.47,0
12884,2.0,1,309.05,0
12885,125.0,3,1175.22,0
12886,250.0,2,1378.4,0
12888,97.0,2,354.12,0
12891,158.0,3,331.0,0
12893,91.0,1,188.14,0
12897,39.0,2,216.5,0
12901,36.0,28,17654.54,1
12910,7.0,8,3075.04,1
12912,152.0,5,1662.3,1
12913,39.0,5,2483.63,1
12915,667.0,2,363.65,2
12917,278.0,1,594.0,2
12919,3.0,6,1335.19,1
12921,36.0,37,16587.09,1
12922,338.0,1,405.38,2
12923,184.0,1,176.97,0
12924,2.0,4,933.7,0
12925,213.0,2,694.05,0
12928,7.0,5,2062.7000000000003,1
12929,343.0,1,117.85,2
12931,33.0,15,42055.96,1
12933,342.0,3,607.53,2
12935,151.0,7,2160.7,1
12939,38.0,8,11581.8,1
12942,455.0,3,683.9,2
12944,244.0,2,604.51,0
12947,66.0,6,1603.99,1
12948,31.0,7,2064.95,1
12949,91.0,8,4167.22,1
12950,152.0,3,1843.0,0
12951,221.0,6,1064.07,0
12952,243.0,4,1387.79,0
12955,121.0,11,4757.16,1
12956,192.0,1,108.07,2
12957,188.0,8,4017.54,1
12962,302.0,2,266.39,2
12963,333.0,8,1856.63,1
12965,32.0,1,771.91,0
12967,639.0,2,1660.9,2
12970,302.0,4,452.24,2
12971,10.0,86,11189.91,1
12976,6.0,1,738.6,0
12977,187.0,1,39.239999999999995,2
12980,10.0,9,7374.900000000001,1
12981,61.0,2,372.21999999999997,0
12982,37.0,1,390.54,0
12985,30.0,2,1239.38,0
12989,2.0,15,6924.110000000001,1
12990,122.0,3,409.5,0
12993,33.0,4,414.76,0
12994,33.0,3,974.4200000000001,0
12997,2.0,4,1226.89,0
12999,129.0,3,455.88,0
13000,425.0,3,534.85,2
13001,127.0,13,9818.82,1
13003,34.0,3,149.05,0
13004,71.0,18,5655.91,1
13005,160.0,2,513.7,0
13011,666.0,1,50.550000000000004,2
13012,67.0,8,1661.8400000000001,1
13013,36.0,13,4810.9400000000005,1
13014,153.0,10,3466.2799999999997,1
13015,129.0,5,3346.28,1
13016,125.0,3,789.89,0
13017,302.0,1,204.0,2
13018,91.0,28,7277.7,1
13021,128.0,9,2616.38,1
13023,184.0,2,689.9,0
13026,99.0,5,975.36,0
13027,157.0,6,6912.0,1
13029,91.0,3,1247.5,0
13030,547.0,2,799.48,2
13034,578.0,2,642.77,2
13037,250.0,3,881.07,0
13038,96.0,3,908.46,0
13040,183.0,2,676.99,0
13043,38.0,1,516.42,0
13045,336.0,1,305.28000000000003,2
13046,91.0,2,629.31,0
13047,122.0,10,3237.54,1
13049,184.0,2,656.6800000000001,0
13050,64.0,17,5836.86,1
13052,36.0,1,348.15000000000003,0
13055,67.0,3,1214.41,0
13058,1.0,3,271.40000000000003,0
13059,251.0,1,183.4,2
13062,339.0,1,346.98,2
13064,2.0,4,1119.49,0
13065,698.0,1,205.86,2
13066,153.0,2,470.8,0
13069,3.0,24,4436.12,1
13075,306.0,1,919.61,2
13077,120.0,4,729.27,0
13078,1.0,26,12627.94,1
13079,93.0,5,220.10000000000002,0
13081,61.0,11,28337.38,1
13082,217.0,9,3613.63,1
13083,213.0,2,303.75,0
13085,218.0,2,416.08000000000004,0
13089,7.0,97,58825.83,1
13090,122.0,14,8910.82,1
13091,30.0,1,345.82,0
13092,6.0,5,477.83,0
13093,99.0,8,7832.47,1
13094,39.0,12,1927.3200000000002,1
13097,94.0,10,6010.42,1
13098,34.0,28,28882.44,1
13099,335.0,1,207.35999999999999,2
13102,40.0,24,6424.09,1
13104,182.0,6,1098.48,0
13107,71.0,4,1531.6200000000001,0
13108,667.0,1,350.06,2
13109,31.0,2,786.54,0
13110,122.0,7,1488.67,1
13113,6.0,24,12245.960000000001,1
13115,1.0,4,2294.78,1
13117,64.0,8,984.91,1
13122,185.0,2,922.39,0
13124,32.0,3,3866.33,1
13126,69.0,8,2099.64,1
13130,185.0,1,64.0,2
13131,219.0,3,1073.3,0
13133,38.0,2,109.8,0
13134,96.0,4,1793.58,0
13136,36.0,5,2607.61,1
13137,30.0,8,3650.41,1
13138,667.0,6,962.39,2
13139,128.0,7,5064.94,1
13140,486.0,3,423.72,2
13141,97.0,5,2388.75,1
13144,40.0,1,110.95,0
13145,93.0,4,618.52,0
13147,91.0,4,712.8000000000001,0
13148,61.0,12,3707.12,1
13153,243.0,1,486.22,2
13155,183.0,4,971.76,0
13157,7.0,4,1741.22,1
13158,3.0,4,1201.06,0
13159,333.0,4,1437.85,2
13162,94.0,4,1688.29,0
13166,342.0,1,417.2,2
13167,276.0,4,791.33,2
13168,275.0,4,1319.19,0
13169,154.0,2,712.88,0
13173,213.0,2,353.65,0
13174,578.0,3,2817.03,2
13177,184.0,1,282.45,0
13178,97.0,11,5725.47,1
13183,101.0,9,3957.78,1
13184,34.0,10,1701.29,1
13186,155.0,3,1575.89,0
13187,192.0,1,236.02,0
13192,216.0,2,911.94,0
13193,92.0,1,117.88,0
13198,33.0,6,3401.2400000000002,1
13199,122.0,38,9817.12,1
13200,217.0,4,870.09,0
13203,33.0,4,869.46,0
13207,4.0,2,250.26000000000002,0
13208,1.0,6,1223.9,1
13209,91.0,8,5891.61,1
13210,155.0,1,353.48,0
13211,215.0,3,1197.42,0
13212,92.0,3,788.08,0
13213,96.0,5,1520.58,1
13217,94.0,3,533.98,0
13218,247.0,1,62.63999999999999,2
13220,158.0,4,819.2900000000001,0
13224,34.0,2,2155.95,0
13225,62.0,7,6463.84,1
13226,38.0,1,108.21000000000001,0
13230,60.0,14,2806.97,1
13232,5.0,7,1357.6,1
13233,163.0,2,605.12,0
13235,36.0,1,1031.07,0
13240,246.0,4,663.65,0
13242,67.0,3,270.40000000000003,0
13244,124.0,1,121.74000000000001,0
13248,156.0,2,465.68,0
13249,124.0,3,711.41,0
13253,187.0,2,1030.4,0
13255,698.0,2,399.51,2
13259,92.0,1,292.32,0
13260,92.0,1,557.62,0
13263,6.0,35,7454.07,1
13265,2.0,5,2107.66,1
13266,61.0,12,3834.2599999999998,1
13267,10.0,19,4521.49,1
13268,7.0,11,3214.69,1
13269,2.0,15,5346.2300000000005,1
13270,486.0,1,590.0,2
13271,303.0,1,217.38,2
13272,32.0,2,276.56,0
13276,154.0,2,590.9300000000001,0
13280,94.0,3,814.86,0
13282,281.0,3,1132.14,2
13283,31.0,2,93.66,0
13285,338.0,4,2709.12,2
13291,157.0,1,361.11,0
13292,334.0,2,578.9399999999999,2
13294,251.0,2,873.74,0
13297,276.0,4,2089.85,0
13298,121.0,1,360.0,0
13301,248.0,4,618.09,0
13302,156.0,1,63.75,0
13305,38.0,10,2000.86,1
13307,33.0,1,15.0,0
13309,2.0,5,1456.79,1
13310,29.0,3,1132.03,0
13311,4.0,2,598.57,0
13313,128.0,5,1555.32,1
13314,121.0,3,775.94,0
13316,303.0,4,5977.7300000000005,1
13317,245.0,6,2273.68,1
13318,120.0,3,640.76,0
13319,61.0,26,10845.550000000001,1
13320,67.0,4,1548.7,0
13323,153.0,5,787.85,0
13324,32.0,10,7121.95,1
13327,158.0,8,3627.77,1
13329,122.0,2,789.0,0
13330,124.0,3,1140.93,0
13334,162.0,3,3536.82,1
13338,218.0,1,487.02,0
13340,130.0,7,10736.48,1
13344,161.0,3,2543.72,0
13348,183.0,1,233.76,0
13351,245.0,1,373.94,2
13352,62.0,1,397.97999999999996,0
13355,94.0,1,674.7,0
13359,154.0,1,439.56,0
13362,129.0,4,3090.7400000000002,1
13365,183.0,2,2225.37,0
13368,193.0,2,623.4,0
13369,455.0,1,308.28000000000003,2
13370,639.0,1,754.87,2
13372,32.0,1,378.64,0
13373,62.0,3,3312.25,1
13375,2.0,1,778.65,0
13376,336.0,3,1019.76,2
13379,304.0,3,572.56,2
13381,32.0,6,3639.31,1
13382,252.0,1,222.99,2
13384,91.0,7,4151.93,1
13394,34.0,8,2520.02,1
13395,158.0,1,307.72,0
13396,61.0,2,1360.99,0
13397,96.0,5,1544.13,1
13402,247.0,2,621.23,2
13404,36.0,2,252.49,0
13408,4.0,62,28117.04,1
13410,219.0,5,1003.06,0
13414,218.0,3,1390.5,0
13417,213.0,2,640.83,0
13418,36.0,18,6127.43,1
13419,154.0,1,221.06,0
13422,184.0,1,2626.3,0
13426,32.0,10,3641.32,1
13427,33.0,3,582.6,0
13429,62.0,4,1006.8,0
13431,2.0,2,1269.1,0
13434,246.0,2,534.24,2
13435,217.0,7,3809.8900000000003,1
13436,121.0,1,196.89,0
13437,122.0,7,3408.06,1
13441,93.0,1,296.64,0
13447,183.0,3,1129.14,0
13448,220.0,6,3539.37,1
13450,32.0,6,2043.7199999999998,1
13451,5.0,5,2976.15,1
13455,486.0,2,1058.34,2
13456,154.0,6,1766.72,1
13458,7.0,14,9646.57,1
13460,61.0,2,183.44,0
13461,334.0,3,1445.0,2
13462,341.0,1,151.5,2
13464,1.0,1,674.68,0
13466,127.0,1,307.9,0
13467,275.0,2,1083.71,2
13468,1.0,37,5704.97,1
13470,336.0,2,165.0,2
13471,121.0,4,2531.58,1
13473,40.0,2,422.64,0
13475,189.0,4,1431.78,0
13476,283.0,2,1238.47,2
13477,6.0,6,1454.58,1
13483,215.0,1,140.34,2
13484,7.0,1,313.8,0
13486,157.0,3,1122.41,0
13487,67.0,3,575.4,0
13488,10.0,13,8968.31,1
13489,218.0,4,449.52,0
13491,40.0,10,1215.82,1
13492,97.0,3,1269.84,0
13493,99.0,2,618.63,0
13494,343.0,1,316.26000000000005,2
13495,244.0,5,2044.8700000000001,1
13497,311.0,2,348.05,2
13499,61.0,5,1159.11,0
13500,94.0,3,1166.77,0
13502,69.0,3,292.0,0
13504,184.0,1,295.93,0
13506,578.0,2,458.52,2
13507,182.0,4,2479.16,1
13508,68.0,1,110.97,0
13509,38.0,7,979.72,1
13510,96.0,4,1791.56,0
13513,217.0,1,205.1,2
13515,190.0,4,891.12,0
13517,31.0,3,2128.42,0
13520,1.0,6,3624.35,1
13521,121.0,3,1093.65,0
13522,91.0,1,125.80000000000001,0
13523,183.0,5,3964.88,1
13524,250.0,5,680.1800000000001,0
13525,221.0,2,628.78,0
13527,32.0,7,2287.51,1
13531,486.0,2,483.8,2
13532,183.0,1,210.31,0
13533,66.0,3,270.79,0
13534,131.0,25,5870.08,1
13536,121.0,7,3448.29,1
13538,33.0,7,1280.85,1
13539,284.0,3,631.34,2
13548,68.0,2,682.41,0
13549,4.0,7,918.2,1
13552,125.0,12,3740.07,1
13557,30.0,2,584.06,0
13558,92.0,4,605.06,0
13560,302.0,1,174.37,2
13561,128.0,1,141.85999999999999,0
13562,129.0,3,1799.33,0
13564,546.0,3,1749.02,2
13565,101.0,2,240.22,0
13569,517.0,2,373.75,2
13570,68.0,1,239.49,0
13571,124.0,12,2092.32,1
13575,1.0,5,732.0699999999999,0
13576,61.0,18,6717.34,1
13577,7.0,4,1687.6000000000001,0
13579,578.0,2,467.04,2
13581,284.0,1,118.0,2
13583,157.0,1,781.03,0
13584,192.0,1,142.4,0
13587,154.0,1,712.4,0
13588,30.0,9,2478.95,1
13590,4.0,6,1981.92,1
13591,184.0,3,1117.13,0
13592,67.0,4,247.95999999999998,0
13593,163.0,5,2037.0800000000002,1
13596,243.0,2,697.04,0
13599,7.0,21,5153.67,1
13601,6.0,2,693.32,0
13602,184.0,1,428.89,0
13606,60.0,3,280.53999999999996,0
13610,68.0,7,1131.88,1
13611,32.0,3,1171.8,0
13614,32.0,4,1610.46,0
13617,5.0,3,544.18,0
13623,91.0,5,747.78,0
13626,341.0,1,257.23,2
13627,31.0,5,1638.47,1
13629,91.0,11,7792.36,1
13630,127.0,7,2031.78,1
13631,336.0,11,3070.42,1
13632,68.0,5,2121.27,1
13634,37.0,5,1575.16,1
13635,276.0,1,1071.03,2
13636,94.0,5,949.12,0
13637,219.0,3,810.5,0
13642,128.0,1,354.8,0
13643,122.0,3,519.44,0
13645,33.0,1,252.1,0
13649,486.0,2,346.6,2
13650,2.0,6,1836.34,1
13651,244.0,2,94.2,2
13652,547.0,3,1095.08,2
13654,37.0,6,2707.33,1
13655,7.0,2,932.97,0
13656,193.0,2,379.65,0
13662,36.0,3,897.76,0
13666,62.0,3,84.65,0
13668,37.0,21,6363.59,1
13672,39.0,2,186.39000000000001,0
13673,153.0,2,396.92,0
13675,34.0,2,486.82000000000005,0
13678,34.0,1,232.6,0
13680,121.0,4,3722.42,1
13681,157.0,4,827.83,0
13682,219.0,1,59.5,2
13685,62.0,7,3119.44,1
13686,66.0,1,72.0,0
13689,154.0,1,910.0,0
13690,31.0,1,172.25,0
13692,67.0,3,1488.32,0
13694,67.0,50,65039.62,1
13695,3.0,15,2504.13,1
13697,334.0,1,151.29999999999998,2
13699,157.0,1,308.58000000000004,0
13700,7.0,10,2265.12,1
13704,1.0,9,2308.06,1
13705,302.0,3,711.86,2
13706,70.0,1,330.79,0
13709,182.0,13,6328.05,1
13710,122.0,1,180.48,0
13711,220.0,2,252.06,0
13712,160.0,1,228.84,0
13715,224.0,5,1079.34,0
13717,153.0,6,1445.01,1
13718,160.0,2,306.55,0
13719,183.0,5,1041.68,0
13721,275.0,1,524.14,2
13722,311.0,3,2375.41,2
13723,189.0,1,199.85000000000002,0
13725,162.0,8,1980.56,1
13726,334.0,2,1079.6599999999999,2
13727,30.0,2,333.48,0
13728,275.0,6,1016.14,0
13730,338.0,2,752.6,2
13731,160.0,2,610.59,0
13732,30.0,1,491.86,0
13736,243.0,2,731.9,0
13741,96.0,3,668.4300000000001,0
13742,32.0,12,3131.02,1
13743,2.0,7,1341.6,1
13744,216.0,2,1156.36,0
13747,698.0,1,79.6,2
13748,160.0,5,948.25,0
13750,163.0,5,1647.26,1
13752,97.0,6,1186.28,1
13754,34.0,2,282.59999999999997,0
13755,154.0,9,2161.35,1
13756,62.0,14,5189.52,1
13758,101.0,7,3190.55,1
13759,183.0,2,659.4100000000001,0
13762,220.0,1,306.72,2
13763,154.0,1,1714.96,0
13764,193.0,3,1521.76,0
13767,34.0,37,17220.36,1
13769,94.0,10,2796.51,1
13771,184.0,4,2634.45,1
13772,183.0,3,1132.13,0
13777,90.0,33,25977.16,1
13780,302.0,2,360.01,2
13781,282.0,1,127.84,2
13782,156.0,6,912.0,0
13784,40.0,11,2462.79,1
13786,517.0,1,230.39999999999998,2
13787,425.0,2,309.04,2
13790,213.0,1,348.8,0
13791,247.0,2,1516.0,0
13792,245.0,2,195.55,2
13798,2.0,57,37153.85,1
13800,284.0,1,558.32,2
13801,245.0,1,324.8,2
13802,343.0,3,4599.42,2
13804,91.0,7,2635.79,1
13805,306.0,2,924.6,2
13806,154.0,1,256.38,0
13807,517.0,1,112.6,2
13808,155.0,5,1747.66,1
13809,162.0,1,155.05,0
13810,30.0,3,1499.01,0
13811,96.0,3,814.5,0
13812,184.0,3,539.0,0
13813,32.0,4,1366.8600000000001,0
13814,124.0,2,1579.12,0
13816,184.0,2,571.6700000000001,0
13817,60.0,2,382.98,0
13819,39.0,3,1140.35,0
13822,243.0,2,632.0,0
13823,93.0,2,957.66,0
13824,7.0,5,1698.94,1
13831,220.0,6,2202.99,1
13833,279.0,1,384.8,2
13835,128.0,4,834.57,0
13837,6.0,2,271.24,0
13838,243.0,4,691.73,0
13841,341.0,1,85.0,2
13842,1.0,9,3385.62,1
13845,184.0,1,312.98,0
13846,37.0,3,865.0600000000001,0
13848,124.0,3,1255.0,0
13850,306.0,1,1595.48,2
13851,216.0,3,2651.46,0
13854,2.0,25,8109.5199999999995,1
13856,96.0,3,388.5,0
13860,121.0,5,1245.9,0
13862,40.0,8,2209.36,1
13863,190.0,1,305.78,0
13865,1.0,4,501.56,0
13867,122.0,3,1015.29,0
13868,302.0,2,3192.54,2
13869,125.0,4,3104.95,1
13870,152.0,8,2770.94,1
13871,69.0,13,6403.25,1
13873,3.0,3,389.6,0
13875,39.0,5,1786.79,1
13876,154.0,1,122.7,0
13880,188.0,13,3219.77,1
13881,37.0,20,17159.52,1
13882,91.0,5,1191.13,0
13883,220.0,5,2674.48,1
13884,32.0,5,787.6,0
13885,280.0,2,506.8,2
13888,3.0,2,605.63,0
13889,124.0,1,416.90000000000003,0
13890,121.0,10,1883.8100000000002,1
13892,160.0,4,632.97,0
13894,312.0,3,564.62,2
13895,30.0,4,2593.07,1
13899,69.0,2,388.52,0
13900,95.0,3,740.95,0
13901,248.0,5,2867.2,1
13904,303.0,2,332.64,2
13908,97.0,4,2369.55,1
13911,128.0,9,2580.91,1
13914,275.0,2,626.45,2
13917,339.0,2,272.04,2
13919,31.0,2,384.81,0
13924,121.0,6,1838.8500000000001,1
13925,64.0,4,678.25,0
13928,122.0,4,464.57,0
13931,216.0,2,1237.53,0
13938,244.0,1,71.66,2
13939,343.0,3,568.55,2
13940,184.0,4,839.14,0
13941,32.0,5,5112.96,1
13947,215.0,1,90.6,2
13949,152.0,6,2427.32,1
13950,160.0,4,745.06,0
13952,189.0,2,3251.071,0
13953,69.0,7,3515.68,1
13954,121.0,2,439.92,0
13955,126.0,2,322.96,0
13956,68.0,5,1026.42,0
13959,282.0,3,598.2,2
13962,129.0,2,169.55,0
13963,253.0,4,664.54,0
13969,31.0,18,9053.94,1
13971,31.0,8,2758.26,1
13975,122.0,6,2526.28,1
13980,62.0,1,200.14,0
13982,455.0,4,1871.81,2
13983,1.0,12,2603.43,1
13984,217.0,5,920.51,0
13985,1.0,15,7060.13,1
13989,215.0,2,1266.08,0
13990,67.0,1,311.3,0
13992,91.0,1,76.8,0
13993,32.0,9,3466.36,1
13994,182.0,6,2313.14,1
13995,129.0,5,1393.69,0
13999,30.0,12,3901.81,1
14000,6.0,1,635.66,0
14001,698.0,3,2043.0800000000002,2
14002,187.0,2,529.73,0
14004,246.0,7,4582.64,1
14005,128.0,5,2874.72,1
14006,7.0,3,962.19,0
14012,161.0,1,328.8,0
14013,99.0,3,473.02,0
14016,338.0,4,4341.21,1
14019,305.0,3,1421.61,2
14020,2.0,2,642.8,0
14021,6.0,3,631.9,0
14023,282.0,2,584.07,2
14024,64.0,2,327.7,0
14027,62.0,1,104.82,0
14029,154.0,2,467.66,0
14030,32.0,8,2360.09,1
14031,192.0,19,17286.86,1
14032,7.0,11,2975.59,1
14034,218.0,3,651.8199999999999,0
14035,30.0,5,1428.02,1
14037,425.0,2,147.20000000000002,2
14039,183.0,1,152.2,0
14040,10.0,12,3614.92,1
14044,284.0,4,652.82,2
14045,193.0,4,1659.75,0
14047,163.0,5,1308.6100000000001,0
14048,162.0,1,409.93,0
14049,248.0,4,5681.72,1
14050,122.0,2,746.36,0
14051,31.0,23,15610.390000000001,1
14053,156.0,2,260.25,0
14054,215.0,1,92.46,2
14056,36.0,23,8214.65,1
14057,32.0,17,6217.96,1
14060,71.0,19,6140.42,1
14062,93.0,12,10464.85,1
14064,6.0,5,1353.74,1
14067,154.0,2,374.7,0
14071,122.0,8,1438.82,1
14073,153.0,1,151.04,0
14075,213.0,3,942.26,0
14076,306.0,1,122.47,2
14077,66.0,5,499.41999999999996,0
14078,67.0,6,1049.37,1
14079,156.0,1,375.1,0
14080,153.0,1,45.599999999999994,0
14081,70.0,2,934.52,0
14082,425.0,1,182.25,2
14083,38.0,9,1018.43,1
14085,99.0,18,4448.54,1
14087,152.0,1,194.42,0
14088,278.0,13,50491.81,1
14092,276.0,14,4076.91,1
14096,61.0,17,65164.79,1
14098,275.0,1,147.35,2
14099,33.0,11,3104.17,1
14102,243.0,5,1360.28,0
14104,126.0,2,216.20999999999998,0
14107,246.0,7,2703.23,1
14108,91.0,2,597.91,0
14110,2.0,12,5683.15,1
14111,7.0,4,692.85,0
14112,99.0,7,2915.15,1
14113,182.0,4,1840.42,0
14114,38.0,2,386.53,0
14116,64.0,5,1382.74,1
14121,31.0,4,2780.15,1
14125,30.0,3,2740.43,0
14126,302.0,3,706.1300000000001,2
14127,94.0,3,709.71,0
14128,62.0,2,637.5,0
14129,121.0,5,1123.8600000000001,0
14132,4.0,11,3586.0299999999997,1
14133,306.0,3,605.64,2
14135,40.0,15,4690.31,1
14138,121.0,2,982.3800000000001,0
14140,122.0,2,935.05,0
14141,31.0,4,915.13,0
14142,698.0,1,311.81,2
14145,187.0,4,3742.2,1
14146,333.0,5,4191.0,1
14149,281.0,1,446.62,2
14150,244.0,2,658.64,0
14156,1.0,55,117379.63,1
14159,216.0,11,4693.01,1
14161,128.0,3,1110.52,0
14163,65.0,4,2445.91,1
14165,99.0,1,122.53999999999999,0
14167,10.0,4,574.84,0
14171,305.0,1,363.79,2
14173,250.0,4,450.84,0
14174,183.0,1,134.46,0
14175,31.0,3,3222.3,1
14176,517.0,4,576.9000000000001,2
14177,216.0,4,559.41,0
14178,30.0,7,1620.93,1
14180,61.0,25,4748.52,1
14184,245.0,1,452.89,2
14185,10.0,1,197.65,0
14188,91.0,6,2054.36,1
14189,61.0,15,4654.08,1
14191,64.0,13,4684.76,1
14193,276.0,2,853.39,2
14194,31.0,21,11349.52,1
14195,341.0,2,1012.0,2
14199,220.0,1,185.39999999999998,2
14201,62.0,7,747.44,1
14204,152.0,1,161.03,0
14208,185.0,1,151.74,0
14209,40.0,6,2073.43,1
14210,254.0,6,1905.8400000000001,1
14211,246.0,9,2241.1,1
14212,32.0,1,1070.48,0
14214,91.0,5,1004.38,0
14215,188.0,6,1789.72,1
14216,182.0,4,1839.3,0
14217,40.0,17,2004.98,1
14219,213.0,1,89.94,2
14220,190.0,2,632.4,0
14221,254.0,9,3432.8,1
14223,124.0,3,991.13,0
14224,128.0,4,1050.12,0
14226,30.0,5,2232.19,1
14227,129.0,10,3350.96,1
14229,71.0,3,1547.2,0
14231,96.0,3,925.71,0
14232,188.0,5,2048.07,1
14233,6.0,4,1462.72,0
14234,91.0,4,775.46,0
14235,218.0,5,3144.86,1
14236,666.0,2,490.86,2
14237,698.0,1,161.0,2
14239,160.0,11,2380.85,1
14240,91.0,2,890.34,0
14241,96.0,1,213.70000000000002,0
14243,129.0,10,2588.77,1
14245,250.0,2,1693.45,0
14246,129.0,3,1474.06,0
14247,191.0,1,136.76999999999998,0
14250,32.0,3,1904.05,0
14251,121.0,5,2879.7000000000003,1
14256,425.0,2,969.0600000000001,2
14257,125.0,5,3099.7200000000003,1
14258,32.0,9,12669.98,1
14262,61.0,8,2618.23,1
14264,126.0,2,333.97,0
14270,10.0,1,492.65000000000003,0
14273,37.0,4,559.97,0
14276,5.0,3,1119.74,0
14277,36.0,3,4216.2,1
14282,122.0,15,3729.34,1
14284,91.0,2,595.25,0
14285,303.0,4,1910.01,2
14286,37.0,3,4628.75,1
14287,333.0,3,176.63,2
14288,67.0,1,426.6,0
14289,7.0,6,911.26,1
14290,276.0,5,2314.65,1
14291,33.0,11,3883.25,1
14292,2.0,9,4871.93,1
14293,162.0,4,1046.56,0
14297,62.0,4,1305.33,0
14298,91.0,44,51527.3,1
14299,1.0,9,3965.62,1
14304,340.0,1,383.45,2
14307,2.0,6,2995.72,1
14309,30.0,9,2352.53,1
14311,37.0,1,310.26,0
14312,38.0,6,1611.59,1
14315,126.0,6,2481.13,1
14317,184.0,1,508.58000000000004,0
14320,40.0,2,477.79,0
14321,71.0,5,1530.75,1
14326,37.0,1,183.85,0
14329,38.0,7,5014.84,1
14331,156.0,2,462.65999999999997,0
14332,245.0,3,866.31,0
14333,276.0,1,415.2,2
14334,69.0,8,2552.21,1
14335,246.0,2,468.26,2
14336,130.0,4,1614.91,0
14338,338.0,2,588.22,2
14339,37.0,1,309.52,0
14340,220.0,1,134.7,2
14341,128.0,8,2182.28,1
14342,122.0,4,668.5600000000001,0
14344,99.0,8,889.9300000000001,1
14345,334.0,1,108.97999999999999,2
14346,33.0,2,1021.58,0
14350,69.0,1,282.93,0
14352,38.0,4,1078.96,0
14353,128.0,1,90.6,0
14354,91.0,2,163.62,0
14355,455.0,1,174.4,2
14360,122.0,4,2128.23,1
14364,6.0,8,3717.35,1
14367,34.0,16,9261.52,1
14375,158.0,1,257.68,0
14377,339.0,2,617.05,2
14383,184.0,3,1247.69,0
14387,153.0,3,1770.56,0
14388,64.0,8,3212.84,1
14389,215.0,2,1043.46,0
14390,6.0,9,4652.82,1
14393,219.0,1,67.95,2
14395,61.0,9,3507.71,1
14396,215.0,2,487.99,0
14397,5.0,19,2612.96,1
14401,66.0,13,4051.48,1
14403,189.0,4,1475.81,0
14404,183.0,6,1474.32,1
14406,3.0,1,156.75,0
14407,130.0,6,2157.73,1
14408,185.0,7,2606.53,1
14409,94.0,6,2059.4500000000003,1
14410,124.0,9,1105.07,1
14411,312.0,1,1063.0,2
14413,364.0,1,122.7,2
14414,93.0,7,1496.98,1
14415,66.0,13,5900.28,1
14418,182.0,3,1937.25,0
14419,62.0,6,1058.06,1
14420,335.0,1,387.52,2
14421,6.0,2,813.11,0
14422,90.0,6,4263.64,1
14423,220.0,1,265.2,2
14426,130.0,10,4481.67,1
14427,154.0,2,363.34000000000003,0
14428,275.0,5,1244.83,0
14431,70.0,1,470.36,0
14432,32.0,6,2255.51,1
14434,62.0,6,1372.8,1
14436,305.0,1,89.06,2
14437,455.0,1,63.0,2
14438,192.0,1,131.9,0
14440,333.0,5,2357.6800000000003,2
14441,90.0,4,1712.89,0
14443,312.0,4,1420.2,2
14446,30.0,4,1039.58,0
14447,252.0,5,1163.23,0
14448,424.0,2,375.35,2
14449,160.0,4,907.1,0
14450,5.0,3,483.25,0
14451,62.0,2,662.59,0
14452,155.0,2,264.44,0
14453,308.0,1,119.93,2
14456,32.0,9,3062.4,1
14457,312.0,1,113.64,2
14459,157.0,1,1837.92,0
14460,312.0,3,434.34,2
14462,33.0,11,2004.02,1
14463,305.0,3,529.62,2
14465,70.0,3,1058.6200000000001,0
14466,61.0,7,2272.4,1
14472,65.0,8,1936.84,1
14473,311.0,2,234.34000000000003,2
14475,131.0,3,925.85,0
14477,127.0,4,1309.6,0
14479,455.0,2,316.25,2
14482,91.0,6,2068.15,1
14483,283.0,1,137.1,2
14485,334.0,1,165.75,2
14487,32.0,6,1196.33,1
14488,276.0,1,1064.28,2
14491,667.0,2,340.93,2
14493,91.0,5,2383.2400000000002,1
14495,64.0,2,123.8,0
14496,343.0,2,538.8100000000001,2
14497,284.0,1,475.37,2
14498,188.0,5,1957.32,1
14499,191.0,3,815.32,0
14500,2.0,3,356.85,0
14501,96.0,2,251.21,0
14502,183.0,11,2470.67,1
14503,182.0,6,3543.26,1
14504,68.0,4,673.26,0
14505,67.0,8,5905.64,1
14506,245.0,5,2012.17,1
14507,128.0,6,1383.18,1
14508,32.0,2,276.42,0
14511,124.0,5,1314.81,0
14512,219.0,2,275.28,0
14514,10.0,3,1055.35,0
14515,220.0,6,2102.09,1
14517,183.0,2,330.45,0
14518,184.0,1,174.37,0
14520,121.0,2,270.6,0
14522,124.0,4,974.54,0
14524,122.0,9,1867.68,1
14525,32.0,9,4332.2,1
14527,2.0,55,8508.82,1
14528,303.0,1,364.21999999999997,2
14529,62.0,3,620.04,0
14530,155.0,6,2925.91,1
14533,32.0,7,1949.72,1
14534,3.0,18,4447.05,1
14535,62.0,3,2864.19,1
14538,184.0,2,388.25,0
14540,284.0,3,996.26,2
14541,1.0,8,1461.65,1
14542,158.0,1,103.25,0
14543,30.0,16,3630.33,1
14546,221.0,5,2578.09,1
14547,182.0,8,4007.54,1
14548,4.0,2,652.8,0
14549,343.0,1,289.24,2
14552,34.0,1,165.07,0
14553,183.0,5,859.27,0
14555,70.0,2,324.14,0
14560,60.0,22,2237.77,1
14561,127.0,3,1080.76,0
14562,61.0,18,5074.77,1
14565,216.0,4,3099.12,1
14567,337.0,2,1530.3600000000001,2
14569,121.0,1,227.39,0
14570,252.0,2,218.06,2
14572,182.0,7,2832.84,1
14573,36.0,9,1653.42,1
14576,666.0,1,35.400000000000006,2
14577,364.0,4,859.71,2
14578,182.0,1,168.63,0
14583,158.0,5,1052.55,0
14584,95.0,4,1042.26,0
14586,130.0,1,237.36,0
14587,10.0,9,1601.14,1
14589,639.0,1,39.75,2
14591,67.0,4,1447.14,0
14592,183.0,3,570.46,0
14594,302.0,2,379.83,2
14595,92.0,6,1740.6,1
14597,339.0,2,883.15,2
14600,162.0,1,393.33000000000004,0
14603,69.0,1,660.0,0
14606,6.0,93,12156.65,1
14607,275.0,14,16569.5,1
14608,60.0,4,1785.15,0
14616,37.0,3,406.08000000000004,0
14618,193.0,3,553.44,0
14619,129.0,1,394.44,0
14620,342.0,2,412.78000000000003,2
14621,91.0,5,1788.3600000000001,1
14622,127.0,1,320.58000000000004,0
14623,153.0,5,889.25,0
14624,31.0,2,225.85,0
14626,94.0,4,2791.27,1
14628,37.0,2,671.96,0
14629,213.0,2,959.01,0
14636,275.0,2,609.85,2
14639,33.0,6,2984.49,1
14640,31.0,6,2125.08,1
14642,1.0,1,96.12,0
14644,276.0,2,830.76,2
14645,99.0,2,597.09,0
14646,3.0,73,280206.02,1
14649,36.0,4,1417.29,0
14651,6.0,2,654.6,0
14653,121.0,7,1947.55,1
14655,333.0,4,1932.23,2
14656,342.0,2,291.05,2
14657,156.0,4,848.22,0
14658,243.0,2,247.15,2
14659,189.0,9,2529.93,1
14662,30.0,4,771.17,0
14664,183.0,2,637.89,0
14665,32.0,5,1835.7,1
14667,69.0,25,9241.2,1
14669,7.0,3,1269.99,0
14670,252.0,2,411.53,2
14672,163.0,2,765.55,0
14673,182.0,5,1736.4,1
14676,122.0,6,2548.2400000000002,1
14680,64.0,16,28754.11,1
14681,6.0,3,498.95,0
14682,219.0,2,52.0,2
14684,128.0,5,1236.28,0
14688,4.0,21,5630.87,1
14690,34.0,2,371.7,0
14691,36.0,5,2114.33,1
14696,3.0,7,2078.95,1
14697,220.0,2,188.60999999999999,2
14698,121.0,5,1250.76,0
14699,97.0,1,109.13000000000001,0
14700,153.0,3,2235.3,0
14701,190.0,9,2549.37,1
14702,101.0,17,3292.14,1
14704,5.0,9,1546.91,1
14708,126.0,3,1126.37,0
14709,91.0,13,4921.04,1
14710,31.0,4,606.13,0
14711,93.0,11,2868.8,1
14712,61.0,3,917.07,0
14713,61.0,11,2666.36,1
14715,10.0,4,867.38,0
14719,62.0,5,1602.13,1
14720,32.0,3,663.81,0
14723,275.0,6,1158.3,0
14727,69.0,1,268.58,0
14729,698.0,1,313.49,2
14730,121.0,8,2005.06,1
14731,36.0,3,380.02,0
14732,2.0,8,2702.4900000000002,1
14733,40.0,12,9585.91,1
14735,182.0,32,6065.69,1
14737,182.0,3,1164.55,0
14738,6.0,7,1314.45,1
14739,185.0,7,3902.28,1
14740,342.0,3,1448.21,2
14741,667.0,6,1400.34,2
14744,31.0,7,1099.98,1
14745,127.0,5,1220.26,0
14747,251.0,1,328.2,2
14748,36.0,5,1415.75,1
14755,101.0,11,5010.28,1
14759,213.0,3,1625.97,0
14761,1.0,2,255.9,0
14765,60.0,3,254.11,0
14766,67.0,6,2473.37,1
14768,247.0,2,192.60000000000002,2
14769,152.0,8,10674.75,1
14775,1.0,3,1011.9,0
14776,219.0,11,2538.3,1
14778,247.0,2,730.86,0
14779,252.0,3,386.15,2
14788,302.0,2,679.4399999999999,2
14789,30.0,1,197.64,0
14790,3.0,4,745.06,0
14792,154.0,1,6.2,2
14794,91.0,7,1319.91,1
14796,34.0,17,8022.49,1
14798,312.0,3,173.74,2
14800,31.0,12,4339.74,1
14801,92.0,1,193.14,0
14803,99.0,3,845.55,0
14804,333.0,1,353.27,2
14808,65.0,8,2741.17,1
14810,101.0,11,2087.88,1
14813,578.0,2,155.43,2
14815,275.0,2,778.5,2
14817,161.0,2,1110.34,0
14819,184.0,2,272.07,0
14820,183.0,4,507.29,0
14821,486.0,1,48.800000000000004,2
14823,5.0,3,321.43,0
14824,93.0,4,1127.71,0
14825,32.0,12,2226.91,1
14828,163.0,3,2139.76,0
14829,61.0,4,697.55,0
14834,1.0,6,1720.3,1
14836,30.0,3,102.44999999999999,0
14837,32.0,4,1649.5,0
14841,31.0,6,3295.76,1
14842,216.0,4,2824.69,1
14844,7.0,4,3189.81,1
14849,3.0,25,7930.54,1
14850,343.0,1,325.75,2
14852,1.0,6,2836.69,1
14853,6.0,2,475.8,0
14854,69.0,7,2759.83,1
14855,3.0,2,645.65,0
14856,275.0,3,1311.3799999999999,2
14857,31.0,2,1173.12,0
14863,61.0,1,266.76,0
14865,302.0,2,52.2,2
14866,31.0,12,14389.9,1
14867,158.0,3,710.28,0
14868,33.0,8,2953.59,1
14869,333.0,2,725.7,2
14871,182.0,4,522.38,0
14878,5.0,9,1485.54,1
14880,158.0,3,706.19,0
14882,183.0,2,589.7,0
14883,6.0,6,761.59,0
14886,341.0,1,364.8,2
14889,163.0,1,135.9,0
14891,219.0,2,554.38,0
14895,61.0,20,11138.710000000001,1
14896,455.0,2,468.77000000000004,2
14897,2.0,4,1366.38,0
14898,70.0,6,1303.52,1
14901,2.0,9,1421.29,1
14903,156.0,5,2810.63,1
14904,152.0,2,1025.44,0
14905,218.0,2,616.15,0
14907,30.0,7,3501.1,1
14910,122.0,4,434.35,0
14911,1.0,201,143825.06,1
14912,160.0,2,867.85,0
14913,38.0,4,1227.43,0
14915,93.0,2,307.48,0
14916,155.0,4,1268.98,0
14918,126.0,2,1610.15,0
14920,36.0,2,977.77,0
14921,91.0,2,1316.07,0
14924,129.0,1,310.05,0
14929,152.0,1,223.88,0
14930,69.0,3,2372.86,0
14931,213.0,5,1257.68,0
14932,455.0,1,363.53,2
14934,311.0,2,1890.94,2
14936,99.0,8,8137.02,1
14937,337.0,3,1621.88,2
14944,61.0,12,5900.25,1
14947,337.0,2,290.82,2
14948,250.0,6,1101.97,0
14952,2.0,11,8099.49,1
14958,129.0,3,499.68,0
14959,128.0,4,695.42,0
14960,333.0,2,221.27,2
14961,93.0,9,7044.68,1
14963,96.0,5,1487.8,1
14964,190.0,1,206.21,0
14965,246.0,2,599.0,2
14968,91.0,1,147.59,0
14970,304.0,4,1592.06,2
14971,244.0,3,1116.57,0
14972,278.0,1,114.77,2
14974,303.0,1,114.39,2
14976,69.0,7,790.86,1
14981,160.0,1,102.12,0
14984,5.0,2,213.27,0
14987,455.0,2,326.4,2
14988,6.0,1,334.54,0
14995,252.0,2,233.23000000000002,2
14997,2.0,3,546.1999999999999,0
14998,7.0,2,429.87,0
15002,224.0,4,1641.76,0
15005,101.0,28,6316.57,1
15007,279.0,1,156.91,2
15010,244.0,1,308.94,2
15012,698.0,2,423.04,2
15017,183.0,1,125.58,0
15018,334.0,3,496.21000000000004,2
15021,187.0,9,1914.82,1
15023,130.0,11,6802.76,1
15024,30.0,10,1661.33,1
15025,183.0,1,377.01,0
15026,161.0,3,469.0,0
15027,91.0,4,1066.1499999999999,0
15028,333.0,4,627.13,2
15031,90.0,4,668.14,0
15032,486.0,3,4959.1,2
15033,125.0,10,2586.67,1
15034,30.0,8,4308.61,1
15035,32.0,1,252.73000000000002,0
15038,1.0,6,705.49,0
15039,71.0,47,19914.44,1
15043,122.0,1,537.0,0
15044,7.0,17,7700.2300000000005,1
15045,34.0,2,735.66,0
15046,70.0,15,5213.7699999999995,1
15048,215.0,4,384.05,0
15049,38.0,1,121.17000000000002,0
15051,4.0,3,1391.61,0
15053,187.0,3,697.79,0
15057,99.0,2,1489.5,0
15058,68.0,11,2124.9900000000002,1
15059,101.0,9,1337.72,1
15060,333.0,4,303.09,2
15061,6.0,48,54534.14,1
15062,189.0,4,987.86,0
15063,67.0,1,370.79999999999995,0
15065,303.0,4,3158.13,1
15067,311.0,3,1744.76,2
15070,667.0,1,106.2,2
15071,99.0,2,982.07,0
15073,158.0,3,1043.41,0
15078,94.0,32,9743.11,1
15079,36.0,4,895.61,0
15081,215.0,5,504.8,0
15087,283.0,1,306.94,2
15088,276.0,2,1160.07,2
15089,185.0,6,2420.84,1
15090,253.0,1,381.32,2
15091,276.0,1,480.71,2
15092,128.0,2,457.81,0
15093,224.0,6,4597.02,1
15097,213.0,1,248.08,2
15098,66.0,3,39916.5,1
15100,71.0,3,876.0,0
15101,333.0,2,317.53,2
15103,122.0,2,703.36,0
15104,311.0,2,1027.44,2
15105,276.0,7,2298.93,1
15106,6.0,5,1422.52,1
15107,40.0,6,319.5,0
15108,188.0,4,1300.25,0
15109,129.0,1,484.95,0
15110,217.0,4,996.1,0
15111,61.0,3,1567.48,0
15114,39.0,10,2760.56,1
15117,33.0,5,1551.78,1
15119,129.0,1,266.4,0
15123,302.0,2,2199.31,2
15124,339.0,2,184.19,2
15125,62.0,15,11528.48,1
15127,215.0,1,406.53,0
15128,62.0,4,1471.0,0
15129,217.0,11,3447.4,1
15133,39.0,3,982.42,0
15134,67.0,8,1387.99,1
15136,152.0,4,1286.7,0
15139,163.0,2,178.96,0
15144,1.0,17,6580.44,1
15145,212.0,4,1194.73,0
15150,153.0,10,5314.47,1
15152,62.0,13,4745.69,1
15153,122.0,1,329.25,0
15156,120.0,3,961.49,0
15157,126.0,3,1936.07,0
15159,32.0,30,18641.010000000002,1
15164,254.0,3,843.05,0
15165,698.0,1,487.75,2
15171,10.0,1,1289.5,0
15172,333.0,5,1624.05,2
15179,341.0,5,2206.95,2
15180,517.0,1,87.5,2
15181,245.0,3,689.4799999999999,0
15182,126.0,2,622.85,0
15184,61.0,2,406.76,0
15187,36.0,16,4777.18,1
15189,7.0,41,16225.39,1
15192,3.0,3,1044.32,0
15193,62.0,1,499.32,0
15194,122.0,15,7616.53,1
15195,152.0,1,3861.0,0
15197,341.0,3,1079.6100000000001,2
15198,124.0,2,193.64,0
15199,31.0,4,1268.7,0
15201,190.0,5,1236.54,0
15203,343.0,6,1827.8,2
15205,247.0,2,653.24,2
15206,99.0,4,420.29999999999995,0
15208,120.0,5,870.12,0
15211,62.0,2,894.4100000000001,0
15212,7.0,1,101.8,0
15214,37.0,8,1661.44,1
15215,246.0,3,734.94,0
15218,189.0,11,5756.89,1
15220,252.0,6,1778.96,1
15221,486.0,1,403.25,2
15223,251.0,2,755.75,2
15224,364.0,2,322.08,2
15226,312.0,1,154.41,2
15227,128.0,5,1219.4,0
15228,245.0,4,3386.71,1
15234,130.0,1,197.0,0
15235,160.0,12,2247.51,1
15237,121.0,4,1412.32,0
15238,61.0,3,1071.99,0
15240,7.0,5,1706.57,1
15241,96.0,8,1756.44,1
15244,215.0,2,631.57,0
15245,219.0,3,2515.84,0
15247,94.0,1,356.0,0
15249,3.0,13,6688.46,1
15251,4.0,11,10484.99,1
15252,96.0,2,740.78,0
15253,2.0,5,918.1999999999999,0
15254,247.0,1,300.36,2
15255,245.0,1,890.85,2
15257,342.0,1,317.15,2
15258,189.0,2,623.16,0
15260,188.0,7,1810.77,1
15264,184.0,1,393.74,0
15265,34.0,2,1506.1200000000001,0
15266,224.0,1,119.3,2
15267,1.0,5,1717.36,1
15270,39.0,7,2379.49,1
15271,5.0,15,2507.07,1
15274,213.0,2,716.57,0
15275,303.0,1,615.14,2
15276,245.0,1,135.31,2
15281,1.0,9,2332.15,1
15288,157.0,5,2306.52,1
15289,61.0,3,939.78,0
15290,122.0,18,7943.22,1
15291,5.0,15,4668.3,1
15296,36.0,6,3672.86,1
15297,61.0,3,641.94,0
15298,124.0,12,4799.9,1
15299,276.0,7,4507.01,1
15300,184.0,1,496.44,0
15301,219.0,12,5070.35,1
15304,62.0,8,694.4000000000001,1
15306,124.0,3,1174.35,0
15307,216.0,1,205.3,2
15308,69.0,1,310.47,0
15311,1.0,91,60767.9,1
15312,128.0,4,924.85,0
15315,184.0,2,570.5,0
15318,182.0,1,312.62,0
15319,342.0,1,204.5,2
15326,71.0,1,311.71,0
15330,62.0,2,714.96,0
15332,486.0,4,1661.06,2
15334,187.0,3,351.67,0
15339,245.0,2,574.07,2
15342,306.0,1,406.09,2
15344,90.0,3,563.94,0
15346,40.0,1,252.42000000000002,0
15347,486.0,1,201.60000000000002,2
15349,219.0,2,473.81,0
15350,698.0,1,115.65,2
15351,31.0,7,1960.1100000000001,1
15353,517.0,2,777.02,2
15355,61.0,2,277.05,0
15356,122.0,10,2766.5,1
15358,2.0,22,8347.2,1
15363,667.0,1,326.0,2
15364,216.0,2,913.19,0
15365,246.0,7,2314.32,1
15367,99.0,4,1877.59,0
15370,31.0,7,2386.05,1
15373,333.0,12,2415.91,1
15374,278.0,1,168.0,2
15376,340.0,3,1233.3600000000001,2
15379,99.0,7,3703.29,1
15380,333.0,5,1690.2600000000002,2
15381,67.0,2,596.85,0
15382,127.0,6,5955.71,1
15386,188.0,1,394.14,0
15392,2.0,4,1535.53,0
15393,283.0,2,231.86,2
15399,121.0,3,815.77,0
15400,124.0,5,716.2,0
15405,280.0,1,349.1,2
15406,39.0,2,510.71000000000004,0
15407,96.0,4,1056.44,0
15410,306.0,8,3450.84,1
15411,66.0,4,1358.88,0
15414,37.0,3,774.9000000000001,0
15416,156.0,4,3984.32,1
15421,1.0,4,950.36,0
15423,334.0,1,43.5,2
15426,183.0,5,1447.39,0
15427,183.0,3,1483.14,0
15433,67.0,2,533.3,0
15434,122.0,5,1041.48,0
15442,221.0,1,594.0,0
15443,121.0,7,3236.91,1
15449,158.0,3,974.52,0
15450,91.0,1,429.84,0
15452,61.0,3,538.73,0
15453,121.0,7,1388.37,1
15454,364.0,1,179.1,2
15456,342.0,3,447.22,2
15462,185.0,3,234.6,0
15463,61.0,1,126.14,0
15464,224.0,1,1048.85,0
15465,5.0,18,7354.62,1
15467,65.0,3,524.88,0
15469,33.0,2,538.55,0
15471,152.0,1,469.48,0
15473,1.0,7,1771.2,1
15482,274.0,12,11054.96,1
15483,338.0,4,233.81,2
15484,121.0,4,3594.31,1
15485,91.0,3,2575.0,0
15488,124.0,1,91.32000000000001,0
15489,6.0,3,1134.28,0
15491,216.0,6,3100.09,1
15492,30.0,2,659.4599999999999,0
15493,153.0,5,2001.8,1
15494,64.0,2,1299.23,0
15498,6.0,27,13316.4,1
15500,333.0,4,1131.56,2
15502,32.0,12,10384.93,1
15503,364.0,1,147.09,2
15505,157.0,5,3610.96,1
15508,250.0,6,1000.27,0
15511,334.0,5,909.23,2
15512,157.0,2,121.0,0
15513,6.0,19,14758.220000000001,1
15514,183.0,11,4139.46,1
15518,40.0,8,1942.45,1
15520,121.0,1,343.5,0
15521,36.0,8,3000.2,1
15522,153.0,2,398.84,0
15525,152.0,3,825.92,0
15526,183.0,2,148.44,0
15527,32.0,8,2429.78,1
15529,99.0,11,3995.23,1
15530,160.0,4,1502.35,0
15531,90.0,2,2007.44,0
15533,32.0,3,807.57,0
15539,302.0,1,538.46,2
15544,3.0,9,3546.71,1
15545,638.0,2,292.71999999999997,2
15547,32.0,14,4954.84,1
15549,218.0,3,1693.26,0
15550,39.0,4,575.63,0
15551,275.0,1,436.06,2
15552,189.0,1,90.12,2
15553,62.0,1,437.23,0
15554,161.0,1,217.2,0
15555,1.0,16,4805.17,1
15557,30.0,1,473.65000000000003,0
15561,128.0,4,800.59,0
15568,152.0,3,758.29,0
15569,40.0,5,1375.71,1
15570,70.0,12,4165.52,1
15571,183.0,4,650.4300000000001,0
15572,191.0,7,2552.86,1
15573,122.0,2,607.45,0
15574,667.0,4,702.25,2
15576,303.0,1,940.6700000000001,2
15577,34.0,3,258.88,0
15579,304.0,2,348.6,2
15581,33.0,13,3679.9700000000003,1
15582,281.0,3,682.9100000000001,2
15587,32.0,4,913.6800000000001,0
15589,312.0,3,478.53000000000003,2
15594,91.0,5,1771.78,1
15596,97.0,5,1406.59,1
15597,244.0,1,324.57,2
15601,32.0,14,6776.56,1
15602,30.0,9,1297.8700000000001,1
15605,32.0,5,1198.23,0
15606,3.0,9,2920.16,1
15607,163.0,1,104.76,0
15608,30.0,4,1093.68,0
15609,127.0,1,298.48,0
15611,101.0,13,1591.45,1
15612,92.0,2,195.15,0
15615,36.0,23,10399.74,1
15618,124.0,4,776.851,0
15620,281.0,3,1553.18,2
15621,213.0,4,1293.03,0
15622,311.0,9,3709.56,1
15625,337.0,4,1534.26,2
15628,66.0,9,2870.2400000000002,1
15632,64.0,8,3285.31,1
15636,32.0,2,724.76,0
15640,40.0,15,12515.66,1
15641,311.0,4,1887.2,2
15643,311.0,3,664.0,2
15646,160.0,3,447.64000000000004,0
15649,163.0,2,816.0,0
15651,275.0,3,646.3,2
15652,93.0,1,337.74,0
15653,124.0,2,877.4399999999999,0
15655,68.0,1,560.67,0
15656,281.0,4,748.5,2
15658,284.0,5,1024.1000000000001,2
15660,342.0,9,1600.86,1
15661,224.0,2,309.8,0
15665,68.0,2,2242.01,0
15668,189.0,1,76.32000000000001,2
15671,37.0,7,2657.13,1
15673,2.0,4,2881.02,1
15674,67.0,5,2446.6,1
15675,156.0,3,323.69,0
15676,244.0,3,3435.76,0
15679,66.0,4,781.28,0
15680,486.0,3,1333.68,2
15681,30.0,5,1426.16,1
15687,188.0,9,2993.1,1
15689,3.0,2,254.1,0
15690,213.0,2,239.76,0
15691,341.0,1,136.8,2
15692,30.0,1,191.04,0
15694,61.0,14,6479.4,1
15696,183.0,8,2736.46,1
15701,152.0,4,1542.14,0
15704,128.0,4,2293.62,1
15706,154.0,4,1060.56,0
15707,184.0,4,945.58,0
15708,101.0,7,3364.2400000000002,1
15709,342.0,1,133.25,2
15712,96.0,5,1072.3600000000001,0
15713,486.0,2,356.7,2
15716,578.0,4,1118.81,2
15719,153.0,13,5045.61,1
15722,219.0,5,2222.56,1
15723,425.0,1,203.1,2
15727,10.0,7,5178.96,1
15729,36.0,1,85.0,0
15730,124.0,3,1120.88,0
15732,36.0,2,294.12,0
15733,311.0,1,162.3,2
15737,37.0,8,1205.1200000000001,1
15738,96.0,16,4812.42,1
15739,245.0,1,449.12,2
15743,127.0,4,784.46,0
15745,183.0,4,1094.59,0
15747,33.0,3,974.04,0
15749,40.0,3,44534.3,1
15750,152.0,8,2465.48,1
15752,155.0,7,2637.38,1
15753,131.0,1,79.2,0
15754,160.0,3,458.57,0
15755,2.0,6,2364.25,1
15756,65.0,4,532.96,0
15757,189.0,2,714.42,0
15759,220.0,3,253.04,0
15762,215.0,2,583.75,0
15763,122.0,2,1086.92,0
15764,1.0,6,3279.97,1
15766,184.0,1,315.06,0
15769,91.0,26,56252.72,1
15773,243.0,1,635.6800000000001,2
15774,304.0,1,270.8,2
15775,129.0,1,104.9,0
15777,7.0,4,1047.11,0
15780,37.0,3,475.28000000000003,0
15781,162.0,3,345.46,0
15782,32.0,3,2614.7400000000002,0
15785,153.0,5,2328.9700000000003,1
15787,92.0,3,948.05,0
15796,70.0,8,2711.56,1
15797,97.0,4,2207.4,1
15799,101.0,3,884.14,0
15800,160.0,2,699.08,0
15801,62.0,3,1063.95,0
15804,90.0,13,4206.39,1
15805,122.0,17,5528.4800000000005,1
15806,130.0,3,784.58,0
15808,192.0,4,3734.9700000000003,1
15809,70.0,5,515.77,0
15811,455.0,6,2218.62,2
15812,34.0,5,1801.14,1
15814,275.0,4,1945.33,0
15815,36.0,5,2100.6,1
15819,130.0,4,1905.45,0
15821,92.0,2,570.96,0
15822,182.0,2,885.47,0
15823,667.0,1,15.0,2
15827,96.0,14,1836.0900000000001,1
15829,336.0,2,636.14,2
15830,303.0,1,576.0,2
15831,1.0,3,801.76,0
15834,160.0,4,2233.75,1
15837,184.0,1,391.98,0
15838,64.0,19,33643.08,1
15839,183.0,3,1048.49,0
15840,1.0,2,355.56,0
15841,220.0,4,1224.06,0
15843,100.0,1,118.95000000000002,0
15845,193.0,8,3711.77,1
15847,334.0,2,389.27,2
15852,188.0,2,160.71,0
15854,213.0,12,2974.65,1
15855,96.0,5,712.24,0
15856,34.0,27,16387.57,1
15858,31.0,5,1438.85,1
15860,156.0,8,977.21,1
15862,333.0,4,832.88,2
15864,245.0,6,1936.3200000000002,1
15865,2.0,3,895.13,0
15867,37.0,15,3812.64,1
15869,160.0,2,149.64,0
15870,153.0,1,354.09000000000003,0
15874,129.0,7,4405.88,1
15877,121.0,2,493.28,0
15880,578.0,1,343.28000000000003,2
15881,425.0,5,501.39000000000004,2
15882,547.0,4,516.36,2
15883,152.0,2,396.48,0
15885,124.0,3,379.35,0
15886,62.0,1,181.09,0
15889,187.0,2,446.87,0
15894,578.0,2,263.55,2
15898,121.0,5,1388.88,0
15899,547.0,1,56.25,2
15901,126.0,3,363.88,0
15903,30.0,7,5126.76,1
15904,333.0,1,164.68,2
15906,250.0,7,1567.69,1
15907,182.0,3,967.45,0
15910,90.0,8,1232.18,1
15916,91.0,8,1528.09,1
15917,190.0,1,123.1,0
15918,308.0,2,334.23,2
15919,547.0,2,639.89,2
15920,126.0,4,167.5,0
15922,698.0,1,369.5,2
15923,667.0,1,127.08,2
15930,276.0,1,426.63,2
15932,2.0,8,2495.87,1
15935,7.0,2,416.86,0
15937,184.0,1,145.35,0
15938,221.0,5,404.58,0
15939,5.0,15,6115.01,1
15940,343.0,1,35.8,2
15944,130.0,1,325.1,0
15945,455.0,1,181.0,2
15948,333.0,2,955.24,2
15950,122.0,4,1765.51,0
15951,333.0,2,708.22,2
15952,183.0,4,806.57,0
15953,6.0,8,1659.3799999999999,1
15955,31.0,14,4416.26,1
15957,122.0,1,428.89,0
15965,30.0,4,845.64,0
15969,152.0,3,666.1,0
15970,100.0,1,314.1,0
15971,2.0,12,4199.85,1
15973,486.0,1,307.82000000000005,2
15974,6.0,7,3442.15,1
15976,281.0,2,430.94,2
15980,2.0,3,2398.86,0
15981,7.0,8,3408.48,1
15983,455.0,4,1475.02,2
15984,152.0,10,2837.67,1
15985,125.0,2,1142.42,0
15986,91.0,1,168.12,0
15987,33.0,7,1451.28,1
15992,182.0,1,41.989999999999995,2
15993,183.0,7,2797.57,1
15996,2.0,6,1060.68,1
15998,275.0,5,3089.97,1
16000,152.0,3,12393.7,1
16003,61.0,5,2735.37,1
16005,66.0,4,615.39,0
16006,6.0,1,101.4,0
16007,5.0,4,1701.94,0
16009,153.0,4,992.71,0
16010,129.0,3,407.5,0
16011,3.0,16,3362.71,1
16012,156.0,3,1415.29,0
16013,3.0,47,37130.6,1
16014,65.0,3,662.38,0
16015,182.0,3,705.39,0
16016,182.0,8,1508.76,1
16018,5.0,2,408.90000000000003,0
16019,163.0,9,3786.2400000000002,1
16020,215.0,3,851.01,0
16025,61.0,1,439.65999999999997,0
16027,70.0,6,934.62,0
16029,31.0,63,81024.84,1
16030,284.0,1,331.24,2
16031,124.0,2,548.94,0
16033,6.0,20,8816.4,1
16034,40.0,3,437.7,0
16037,131.0,3,855.02,0
16038,302.0,3,471.78000000000003,2
16040,215.0,3,1313.55,0
16041,91.0,3,3166.4,1
16042,40.0,5,1197.27,0
16043,6.0,4,773.99,0
16045,3.0,4,1340.7,0
16048,698.0,2,256.44,2
16053,94.0,2,1511.95,0
16055,281.0,1,134.8,2
16057,6.0,7,2263.12,1
16059,215.0,6,1459.8600000000001,1
16062,7.0,4,1153.62,0
16065,455.0,1,372.09,2
16066,92.0,5,1521.87,1
16070,153.0,2,852.15,0
16076,31.0,10,2234.73,1
16078,342.0,1,79.2,2
16080,69.0,2,217.16,0
16081,158.0,5,2806.9,1
16085,1.0,5,981.51,0
16086,31.0,5,1121.39,0
16091,126.0,2,315.06,0
16094,61.0,4,1078.23,0
16098,158.0,7,2005.63,1
16102,278.0,3,1842.14,0
16103,188.0,6,1429.64,1
16104,92.0,1,302.36,0
16105,221.0,1,336.96,2
16106,215.0,1,108.38,2
16107,30.0,7,3204.1600000000003,1
16109,220.0,2,611.88,0
16110,343.0,3,1337.48,2
16112,71.0,4,195.73999999999998,0
16113,96.0,1,161.38,0
16115,5.0,8,1667.97,1
16116,6.0,1,612.78,0
16117,280.0,1,232.21,2
16119,333.0,2,423.36,2
16120,31.0,4,1309.14,0
16121,128.0,2,867.11,0
16122,40.0,4,684.4200000000001,0
16125,517.0,1,289.35,2
16126,61.0,4,6287.77,1
16128,275.0,5,1880.22,1
16133,30.0,33,14589.04,1
16136,31.0,3,709.38,0
16140,215.0,2,725.18,0
16141,2.0,1,620.4,0
16142,251.0,1,535.34,2
16143,36.0,6,2424.94,1
16144,160.0,1,175.2,0
16145,4.0,11,3799.4900000000002,1
16146,218.0,3,734.13,0
16149,213.0,2,280.52,0
16150,2.0,5,2053.02,1
16153,158.0,5,1824.23,1
16156,34.0,9,3122.04,1
16159,283.0,1,348.2,2
16160,215.0,2,1025.44,0
16161,31.0,19,5575.56,1
16162,341.0,1,37.4,2
16163,455.0,2,856.6,2
16168,4.0,27,3787.6,1
16169,61.0,4,1822.97,0
16170,96.0,6,1885.05,1
16171,31.0,1,73.2,0
16172,7.0,5,1140.21,0
16173,93.0,6,1418.32,1
16174,34.0,3,1009.5500000000001,0
16175,185.0,4,1037.59,0
16179,62.0,1,215.83,0
16180,247.0,8,10254.18,1
16182,337.0,4,6617.65,1
16183,276.0,1,338.71000000000004,2
16184,6.0,6,1158.79,1
16186,6.0,12,4006.94,1
16187,122.0,15,6911.4400000000005,1
16188,37.0,4,981.86,0
16191,39.0,13,5180.52,1
16200,213.0,2,1080.6200000000001,0
16201,182.0,4,1863.47,0
16203,1.0,4,592.9,0
16205,91.0,4,761.38,0
16206,156.0,4,537.0600000000001,0
16209,2.0,5,2262.62,1
16210,67.0,18,21086.3,1
16211,2.0,1,547.02,0
16212,342.0,2,690.34,2
16214,341.0,3,1062.75,2
16217,311.0,2,304.25,2
16218,61.0,7,3084.68,1
16221,99.0,3,864.86,0
16224,251.0,4,1295.3,0
16225,161.0,5,1096.32,0
16229,36.0,2,1010.6,0
16230,280.0,2,542.03,2
16232,128.0,4,990.88,0
16233,486.0,3,536.6800000000001,2
16235,40.0,5,867.31,0
16239,280.0,2,414.2,2
16241,1.0,13,2607.87,1
16242,97.0,7,3603.21,1
16243,183.0,2,409.1,0
16244,6.0,2,1522.75,0
16245,64.0,3,1413.66,0
16248,92.0,1,152.94,0
16250,698.0,2,389.44,2
16253,245.0,2,3683.86,0
16255,160.0,8,2619.91,1
16258,247.0,5,5203.51,1
16261,159.0,4,746.83,0
16265,131.0,9,5447.0,1
16271,152.0,5,1429.24,0
16274,698.0,1,357.95,2
16282,254.0,1,168.3,2
16283,33.0,5,1570.81,1
16284,122.0,2,823.97,0
16292,64.0,1,302.25,0
16293,93.0,10,2248.9900000000002,1
16295,1.0,4,1328.55,0
16298,188.0,3,598.2,0
16302,217.0,1,233.22,2
16303,71.0,3,5360.63,1
16306,39.0,6,632.27,0
16308,189.0,4,2560.0,1
16313,182.0,2,274.15000000000003,0
16316,99.0,8,2938.91,1
16317,3.0,3,1341.65,0
16318,244.0,1,328.15,2
16319,189.0,1,404.40000000000003,0
16320,67.0,2,1038.46,0
16321,162.0,5,373.65000000000003,0
16322,121.0,2,326.75,0
16324,278.0,3,428.68,2
16325,129.0,3,594.24,0
16326,92.0,14,3110.96,1
16327,578.0,6,3844.22,2
16332,30.0,7,1593.2,1
16333,125.0,22,26626.8,1
16337,275.0,1,151.05,2
16338,218.0,1,214.79999999999998,2
16344,248.0,1,101.10000000000001,2
16347,275.0,2,887.65,2
16348,153.0,7,1469.45,1
16350,71.0,4,1116.47,0
16351,40.0,1,153.9,0
16352,303.0,2,494.44,2
16353,10.0,23,6675.71,1
16354,154.0,2,395.8,0
16356,161.0,3,211.77,0
16357,67.0,3,658.88,0
16358,121.0,4,2027.5,1
16359,10.0,9,1750.92,1
16360,2.0,6,3512.53,1
16362,31.0,5,734.77,0
16365,4.0,9,1540.42,1
16367,303.0,2,804.49,2
16368,30.0,2,497.43,0
16370,66.0,4,1320.56,0
16372,183.0,2,367.93,0
16374,245.0,2,473.03000000000003,2
16376,333.0,2,987.01,2
16378,190.0,3,362.95,0
16379,213.0,4,2157.4,0
16380,92.0,1,1780.59,0
16384,32.0,2,584.5,0
16385,62.0,3,555.89,0
16386,30.0,2,317.2,0
16389,342.0,4,1382.07,2
16393,128.0,13,3046.21,1
16394,221.0,5,1555.34,0
16395,62.0,5,1486.9,1
16398,126.0,2,1705.8,0
16400,185.0,1,303.93,0
16401,120.0,12,4098.32,1
16402,578.0,2,299.6,2
16405,70.0,2,167.25,0
16407,37.0,10,2126.93,1
16409,4.0,5,2028.88,1
16411,578.0,2,214.65,2
16414,252.0,2,126.25,2
16418,124.0,3,675.27,0
16419,99.0,6,972.23,0
16422,31.0,51,34684.4,1
16424,339.0,1,133.56,2
16425,70.0,1,302.7,0
16426,124.0,10,1908.25,1
16431,67.0,3,642.81,0
16432,184.0,1,287.4,0
16433,30.0,1,184.26,0
16434,61.0,7,1522.25,1
16438,243.0,5,798.35,0
16440,61.0,5,3640.67,1
16441,275.0,2,381.2,2
16442,121.0,3,616.79,0
16444,216.0,4,654.67,0
16445,183.0,1,230.51,0
16446,90.0,2,168472.5,1
16449,252.0,2,707.69,2
16454,184.0,2,6.9,2
16455,154.0,7,1841.18,1
16456,192.0,5,2158.37,1
16457,220.0,1,208.36,2
16458,2.0,18,3482.7400000000002,1
16460,30.0,3,814.72,0
16462,158.0,3,136.0,0
16466,5.0,7,1603.46,1
16469,160.0,4,650.43,0
16471,69.0,1,223.95000000000002,0
16473,163.0,3,316.11,0
16474,32.0,7,1871.5,1
16475,2.0,4,544.3,0
16477,69.0,7,2494.46,1
16478,184.0,3,331.0,0
16484,308.0,2,404.3,2
16488,183.0,3,498.8,0
16495,130.0,3,684.41,0
16496,333.0,3,1599.52,2
16497,71.0,6,2965.69,1
16498,338.0,2,100.97,2
16499,425.0,2,365.45,2
16500,213.0,6,400.86,0
16503,97.0,4,1431.93,0
16505,122.0,1,777.6,0
16510,667.0,1,248.1,2
16513,213.0,4,874.59,0
16515,4.0,5,1627.13,1
16516,91.0,1,101.69999999999999,0
16517,161.0,1,162.7,0
16518,92.0,2,484.32,0
16519,455.0,2,215.07999999999998,2
16520,188.0,3,1046.57,0
16523,32.0,21,9418.470000000001,1
16525,10.0,26,13027.45,1
16528,182.0,1,244.41,0
16529,307.0,1,455.25,2
16531,247.0,7,1244.59,1
16532,224.0,3,6748.8,1
16533,304.0,3,1095.56,2
16535,243.0,1,593.75,2
16539,152.0,4,1388.81,0
16546,667.0,2,787.15,2
16549,32.0,10,4154.64,1
16550,158.0,5,2298.97,1
16551,163.0,3,922.12,0
16552,37.0,2,379.73,0
16553,69.0,12,5719.82,1
16554,10.0,3,837.1,0
16555,244.0,2,285.89,2
16556,129.0,7,3313.79,1
16558,38.0,20,8338.49,1
16561,31.0,2,511.12,0
16565,425.0,1,173.7,2
16567,163.0,2,865.6,0
16569,182.0,1,124.2,0
16570,153.0,10,3738.4,1
16571,283.0,3,1421.69,2
16572,34.0,3,1009.6,0
16581,66.0,1,105.84,0
16583,698.0,1,233.45,2
16586,221.0,1,463.95,0
16589,338.0,3,459.24,2
16591,304.0,1,213.5,2
16592,91.0,16,4113.68,1
16593,280.0,3,330.03,2
16595,92.0,1,360.16,0
16596,486.0,2,250.15,2
16597,213.0,1,90.04,2
16600,213.0,6,813.52,0
16602,275.0,1,528.08,2
16603,93.0,2,482.47,0
16607,1.0,14,3347.71,1
16609,4.0,7,5493.46,1
16610,250.0,1,75.66,2
16611,188.0,1,129.49,0
16612,3.0,4,1187.66,0
16614,66.0,1,506.19,0
16616,218.0,2,500.42,0
16618,122.0,5,2647.59,1
16620,182.0,2,178.96,0
16621,128.0,4,813.48,0
16623,129.0,1,129.45,0
16625,69.0,1,333.08,0
16626,90.0,17,4413.1,1
16628,61.0,5,2188.05,1
16629,246.0,2,417.73,2
16633,5.0,6,2883.1,1
16634,340.0,2,217.9,2
16637,62.0,4,1154.47,0
16638,161.0,10,1680.72,1
16639,122.0,3,1257.51,0
16642,213.0,2,688.33,0
16643,129.0,1,487.51,0
16644,36.0,2,833.78,0
16652,1.0,7,6773.97,1
16654,219.0,4,601.27,0
16655,10.0,6,3794.52,1
16656,4.0,15,8625.8,1
16658,547.0,1,123.24,2
16659,280.0,1,39.12,2
16665,364.0,1,135.39999999999998,2
16667,304.0,2,570.13,2
16668,66.0,6,306.71999999999997,0
16670,40.0,11,4095.9,1
16671,30.0,3,1692.27,0
16672,7.0,20,8134.9400000000005,1
16674,305.0,2,319.61,2
16676,67.0,4,1592.1200000000001,0
16678,3.0,12,3109.99,1
16679,486.0,1,129.75,2
16682,124.0,5,1028.0,0
16684,213.0,28,66653.56,1
16685,92.0,2,324.24,0
16686,162.0,7,3062.83,1
16688,62.0,4,1260.86,0
16693,304.0,2,482.01,2
16696,67.0,4,657.9000000000001,0
16697,7.0,1,112.75,0
16700,4.0,13,5076.55,1
16701,10.0,13,5398.3,1
16705,7.0,20,14034.99,1
16706,303.0,3,531.35,2
16709,129.0,5,3029.87,1
16710,67.0,10,2483.04,1
16711,70.0,5,1651.03,1
16712,36.0,11,3645.43,1
16713,7.0,15,6923.13,1
16714,220.0,3,1161.53,0
16716,343.0,2,901.2,2
16717,153.0,6,3858.38,1
16718,578.0,1,623.75,2
16719,224.0,7,1790.42,1
16722,96.0,13,4730.81,1
16723,93.0,2,589.15,0
16725,70.0,7,781.02,1
16727,425.0,1,272.82,2
16729,7.0,21,7239.92,1
16732,122.0,1,603.75,0
16735,101.0,5,2300.56,1
16743,6.0,7,2238.09,1
16744,183.0,7,1304.76,1
16745,3.0,17,7194.3,1
16746,3.0,18,6697.66,1
16747,276.0,2,836.06,2
16748,101.0,5,1515.9,1
16750,64.0,5,623.93,0
16751,91.0,1,1764.72,0
16752,667.0,1,207.5,2
16753,1.0,1,223.92000000000002,0
16754,666.0,1,2002.4,2
16756,97.0,1,239.4,0
16758,215.0,1,369.34000000000003,0
16759,91.0,3,789.79,0
16761,246.0,1,316.62,2
16764,122.0,13,2799.25,1
16766,38.0,2,1145.6,0
16767,66.0,11,5580.6,1
16770,667.0,5,770.1,2
16771,99.0,5,2246.81,1
16774,276.0,4,661.52,2
16775,94.0,11,1695.66,1
16776,62.0,1,388.28,0
16778,69.0,2,245.94,0
16779,10.0,22,10629.720000000001,1
16781,667.0,1,311.25,2
16782,161.0,13,2279.9,1
16788,125.0,2,597.48,0
16789,333.0,1,80.8,2
16790,30.0,6,1545.6200000000001,1
16791,40.0,7,1721.78,1
16792,311.0,2,110.38000000000001,2
16794,5.0,10,1222.71,1
16795,455.0,1,414.88,2
16796,32.0,1,305.62,0
16801,38.0,4,1619.73,0
16803,215.0,1,332.3,0
16806,281.0,4,801.49,2
16807,128.0,3,1121.59,0
16808,68.0,2,288.42,0
16809,92.0,5,914.69,0
16811,213.0,2,547.07,0
16813,246.0,10,1692.98,1
16814,7.0,21,6509.1,1
16817,38.0,9,1604.75,1
16818,96.0,11,3349.57,1
16820,216.0,1,497.61,0
16825,158.0,2,775.1800000000001,0
16828,155.0,2,128.5,0
16829,187.0,1,197.22,0
16830,334.0,1,325.91,2
16832,127.0,3,199.15,0
16833,101.0,4,1106.53,0
16835,278.0,2,180.85,2
16837,31.0,11,3170.98,1
16839,2.0,34,16594.35,1
16841,67.0,6,1869.82,1
16842,70.0,3,1264.19,0
16843,7.0,16,10196.57,1
16849,188.0,1,124.57,0
16850,71.0,1,332.41,0
16851,213.0,3,342.45,0
16858,547.0,1,375.69000000000005,2
16861,31.0,2,173.76,0
16863,122.0,2,502.8,0
16866,65.0,3,207.73999999999998,0
16871,32.0,6,2812.34,1
16872,127.0,3,680.02,0
16873,92.0,6,7123.62,1
16875,254.0,5,2095.53,1
16877,65.0,6,853.72,0
16880,65.0,7,1519.08,1
16881,245.0,1,432.0,2
16882,245.0,3,705.12,0
16883,219.0,2,276.73,0
16884,303.0,2,429.84000000000003,2
16887,244.0,1,194.88,2
16889,68.0,3,1578.67,0
16891,121.0,5,809.7,0
16892,61.0,5,525.54,0
16893,486.0,1,145.93,2
16895,184.0,1,219.14,0
16898,547.0,3,508.81,2
16899,32.0,6,1281.56,1
16900,154.0,3,887.11,0
16903,61.0,1,373.24,0
16904,61.0,16,3754.27,1
16905,243.0,7,3102.43,1
16906,188.0,4,579.77,0
16907,60.0,5,981.65,0
16910,93.0,8,1510.06,1
16912,30.0,11,2575.38,1
16914,275.0,1,208.46,2
16915,221.0,6,621.6800000000001,0
16916,667.0,2,576.26,2
16917,130.0,1,391.52,0
16918,154.0,6,1068.82,0
16919,7.0,11,2596.45,1
16921,92.0,1,169.79,0
16923,65.0,19,7247.61,1
16924,184.0,3,846.75,0
16926,639.0,1,230.25,2
16927,130.0,3,543.05,0
16928,33.0,17,2847.6,1
16929,157.0,7,1295.39,1
16930,304.0,3,380.55,2
16931,68.0,21,4604.22,1
16933,121.0,2,563.23,0
16938,5.0,4,2736.38,1
16942,183.0,9,1920.59,1
16943,6.0,3,816.73,0
16945,1.0,19,4345.5,1
16949,158.0,6,1286.27,1
16950,156.0,3,1178.56,0
16951,131.0,3,1277.75,0
16953,91.0,1,20.8,0
16954,62.0,9,2085.08,1
16955,127.0,4,518.67,0
16957,283.0,2,416.64,2
16960,62.0,3,507.05,0
16963,219.0,1,110.55000000000001,2
16966,333.0,7,2154.97,1
16967,280.0,1,319.02,2
16968,213.0,2,439.43,0
16969,339.0,3,650.41,2
16971,334.0,1,357.21,2
16979,61.0,6,1852.0,1
16982,62.0,1,384.06,0
16983,5.0,7,1931.25,1
16984,2.0,2,4481.35,0
16985,2.0,10,5464.12,1
16986,61.0,2,1873.2,0
16987,181.0,7,1625.05,1
16988,243.0,1,126.12,2
16989,4.0,6,1133.25,1
16990,220.0,1,179.0,2
16992,275.0,5,1614.31,0
16996,64.0,6,1456.96,1
16997,284.0,3,702.0,2
16998,131.0,4,295.0,0
17001,90.0,11,3989.57,1
17002,128.0,3,1493.73,0
17004,124.0,2,1412.94,0
17006,121.0,4,781.78,0
17007,97.0,6,889.9300000000001,0
17011,91.0,1,270.9,0
17014,153.0,3,586.33,0
17015,30.0,3,1842.56,0
17017,152.0,20,8694.26,1
17019,547.0,4,1272.61,2
17022,122.0,1,71.0,0
17024,218.0,3,95.85,2
17025,62.0,3,357.77,0
17026,158.0,2,154.82999999999998,0
17027,342.0,6,890.29,2
17030,154.0,1,146.87,0
17031,126.0,2,380.35,0
17033,97.0,3,1030.14,0
17035,129.0,2,433.53000000000003,0
17038,91.0,1,112.4,0
17042,64.0,5,1044.3799999999999,0
17043,153.0,4,1735.18,0
17045,187.0,3,339.44,0
17046,218.0,1,642.02,0
17048,10.0,3,925.35,0
17049,97.0,9,5659.9800000000005,1
17050,191.0,6,3228.84,1
17052,30.0,1,413.75,0
17053,337.0,1,498.48,2
17054,30.0,5,1356.33,1
17059,61.0,5,3095.04,1
17061,220.0,11,5232.2300000000005,1
17062,455.0,4,538.37,2
17064,1.0,3,859.35,0
17068,184.0,21,4552.14,1
17069,30.0,9,2709.7000000000003,1
17071,2.0,9,2429.03,1
17076,38.0,3,841.0799999999999,0
17078,274.0,2,378.2,2
17082,183.0,2,2003.85,0
17083,100.0,3,1405.78,0
17084,244.0,2,2949.75,0
17085,125.0,5,1566.65,1
17086,91.0,6,2050.08,1
17088,30.0,4,1991.01,1
17090,2.0,7,2043.95,1
17091,122.0,9,3827.76,1
17092,161.0,4,1777.78,0
17095,101.0,3,1324.16,0
17096,1.0,4,1022.13,0
17097,152.0,8,954.42,1
17101,61.0,4,1621.73,0
17105,192.0,2,665.78,0
17107,156.0,6,10815.43,1
17109,61.0,6,885.04,0
17114,101.0,8,808.62,1
17115,66.0,3,837.5,0
17119,31.0,2,606.91,0
17122,3.0,1,138.32,0
17123,338.0,1,345.29999999999995,2
17124,158.0,1,298.89,0
17126,65.0,5,1004.75,0
17128,101.0,1,157.09,0
17131,183.0,5,2463.17,1
17133,160.0,7,4892.240000000001,1
17135,303.0,7,1139.73,1
17138,99.0,1,380.5,0
17139,2.0,12,10668.47,1
17140,190.0,1,465.32,0
17144,120.0,2,984.57,0
17147,343.0,4,1714.59,2
17157,302.0,2,319.0,2
17158,153.0,3,1266.97,0
17160,7.0,6,3518.03,1
17162,30.0,10,1715.46,1
17164,34.0,7,2467.35,1
17166,334.0,2,206.34,2
17169,96.0,2,835.78,0
17173,1.0,8,3766.6,1
17174,189.0,1,59.9,2
17175,5.0,4,1443.69,0
17180,7.0,4,796.03,0
17181,698.0,2,239.92000000000002,2
17183,153.0,6,3347.31,1
17186,62.0,2,144.0,0
17188,61.0,7,2474.23,1
17190,1.0,2,444.74,0
17191,30.0,7,2095.13,1
17193,1.0,7,1699.3000000000002,1
17194,38.0,2,262.62,0
17197,61.0,1,1013.01,0
17198,455.0,3,692.22,2
17203,62.0,6,3563.85,1
17204,7.0,4,1564.56,0
17211,5.0,8,2317.2200000000003,1
17213,486.0,7,2781.23,2
17214,62.0,6,1069.1200000000001,1
17218,32.0,10,1960.72,1
17219,122.0,1,114.23,0
17220,187.0,14,3198.25,1
17221,274.0,2,335.13,2
17222,215.0,1,354.15,0
17223,312.0,2,426.79,2
17226,253.0,1,393.49,2
17227,62.0,6,939.32,0
17228,154.0,8,1906.09,1
17229,246.0,2,318.76,2
17230,312.0,8,3638.41,1
17231,128.0,10,3174.32,1
17232,152.0,2,421.52,0
17233,244.0,1,190.88,2
17234,66.0,1,149.89000000000001,0
17235,667.0,2,550.06,2
17236,37.0,6,916.13,0
17238,30.0,17,3744.65,1
17242,5.0,2,1135.04,0
17243,30.0,26,8676.85,1
17248,33.0,1,318.65,0
17250,182.0,2,384.52,0
17251,364.0,1,283.28000000000003,2
17252,188.0,2,353.86,0
17254,213.0,2,272.44,0
17259,547.0,2,603.37,2
17262,486.0,5,1253.3600000000001,2
17265,5.0,2,562.9,0
17266,152.0,3,310.64,0
17267,246.0,2,317.62,2
17268,4.0,4,763.64,0
17274,244.0,1,111.97999999999999,2
17278,7.0,1,246.04,0
17282,337.0,3,1703.41,2
17284,33.0,6,1652.58,1
17287,341.0,7,1064.11,2
17288,341.0,7,1419.73,2
17289,5.0,3,944.41,0
17290,182.0,2,525.24,0
17291,253.0,1,550.8000000000001,2
17293,1.0,9,1875.1100000000001,1
17295,30.0,3,556.95,0
17298,156.0,2,498.42,0
17299,32.0,4,669.11,0
17302,94.0,5,1135.63,0
17306,130.0,19,8631.31,1
17309,216.0,1,82.75,2
17312,156.0,3,644.3,0
17313,122.0,1,2328.84,0
17314,1.0,8,2527.92,1
17315,6.0,38,6292.26,1
17317,32.0,3,2600.34,0
17320,547.0,3,1200.6200000000001,2
17321,276.0,2,700.86,2
17323,92.0,7,921.07,1
17324,10.0,4,990.23,0
17325,252.0,1,96.8,2
17330,276.0,2,363.9,2
17331,125.0,1,175.2,0
17334,70.0,2,307.02,0
17337,5.0,4,2027.8700000000001,1
17338,10.0,8,6643.93,1
17339,185.0,2,243.36,0
17340,33.0,11,12353.29,1
17341,187.0,3,781.36,0
17345,155.0,4,537.74,0
17346,1.0,15,2676.56,1
17348,30.0,5,1159.52,0
17350,333.0,4,1286.07,2
17351,38.0,3,587.15,0
17353,126.0,2,1740.0,0
17356,343.0,1,178.22,2
17358,100.0,2,365.85,0
17360,127.0,3,585.79,0
17361,188.0,3,488.2,0
17362,284.0,2,312.23,2
17364,10.0,11,4481.18,1
17365,40.0,8,4801.56,1
17368,153.0,8,1912.67,1
17370,124.0,4,446.18,0
17372,62.0,8,1342.68,1
17374,220.0,2,495.77,0
17376,343.0,2,203.2,2
17377,32.0,20,4100.92,1
17381,3.0,29,20275.61,1
17382,215.0,1,65.4,2
17383,212.0,1,199.29,2
17384,250.0,2,336.4,2
17386,302.0,6,2686.42,1
17387,183.0,2,784.11,0
17388,6.0,4,1259.56,0
17389,10.0,34,31833.68,1
17392,192.0,2,457.91,0
17394,250.0,1,203.86999999999998,2
17396,276.0,8,7330.8,1
17400,217.0,5,2129.96,1
17402,91.0,13,2633.85,1
17403,275.0,1,281.62,2
17404,6.0,15,31906.82,1
17405,4.0,3,1031.41,0
17406,71.0,3,2200.42,0
17409,127.0,2,771.85,0
17410,1.0,5,1214.72,1
17412,31.0,7,1258.06,1
17414,127.0,2,778.0,0
17416,61.0,7,6893.42,1
17419,130.0,12,4226.57,1
17420,698.0,3,598.83,2
17422,5.0,6,1979.37,1
17423,189.0,2,698.41,0
17425,62.0,2,759.17,0
17426,93.0,6,5037.26,1
17428,7.0,28,17256.85,1
17429,158.0,3,524.9200000000001,0
17430,153.0,2,265.76,0
17432,302.0,2,365.76,2
17433,2.0,1,303.15999999999997,0
17434,152.0,7,2373.82,1
17436,121.0,2,216.29999999999998,0
17440,187.0,3,186.42000000000002,0
17442,64.0,6,2248.56,1
17443,250.0,1,534.24,2
17444,34.0,3,2940.04,1
17446,312.0,2,120.9,2
17449,152.0,7,2520.86,1
17450,4.0,46,194550.79,1
17451,121.0,7,1721.4,1
17453,184.0,2,486.71999999999997,0
17456,455.0,1,249.86,2
17457,217.0,5,1737.7,1
17459,62.0,2,657.3,0
17460,185.0,6,622.4300000000001,0
17461,61.0,3,757.46,0
17462,62.0,2,675.69,0
17464,248.0,1,289.96000000000004,2
17469,218.0,5,1870.97,1
17470,189.0,5,1125.07,0
17472,339.0,3,710.29,2
17481,155.0,4,1255.59,0
17483,95.0,3,414.04,0
17489,1.0,2,376.64,0
17490,90.0,7,2092.32,1
17491,121.0,10,3558.87,1
17492,221.0,1,374.57,2
17495,302.0,2,497.56,2
17500,61.0,3,1138.0,0
17501,281.0,2,288.6,2
17502,61.0,4,689.1,0
17503,152.0,2,558.96,0
17504,189.0,9,2997.0299999999997,1
17505,338.0,2,1145.84,2
17507,283.0,2,605.58,2
17508,252.0,1,387.31,2
17509,62.0,8,6115.14,1
17511,7.0,31,91062.38,1
17512,30.0,10,2924.9900000000002,1
17514,278.0,1,208.65,2
17515,122.0,4,639.02,0
17516,3.0,5,768.08,0
17517,253.0,1,153.94,2
17519,547.0,6,1844.02,2
17521,61.0,3,723.2099999999999,0
17522,96.0,5,1070.71,0
17526,213.0,4,1195.8999999999999,0
17527,220.0,4,939.37,0
17528,1.0,8,3628.5,1
17530,120.0,10,2385.0,1
17531,307.0,1,296.7,2
17535,252.0,1,164.4,2
17537,61.0,2,897.62,0
17550,68.0,3,267.16,0
17552,62.0,4,930.41,0
17553,306.0,1,1487.6,2
17554,31.0,5,1952.45,1
17555,101.0,2,483.26,0
17560,157.0,4,854.95,0
17562,64.0,7,1122.38,1
17566,332.0,2,901.21,2
17567,124.0,8,4331.48,1
17569,40.0,1,344.14,0
17571,161.0,4,1498.51,0
17572,336.0,4,226.75000000000003,2
17573,61.0,3,380.6,0
17574,37.0,1,185.65,0
17576,3.0,19,3622.68,1
17578,219.0,1,143.45999999999998,2
17579,213.0,3,448.90000000000003,0
17580,341.0,3,215.72,2
17581,67.0,25,11045.04,1
17584,247.0,2,1242.3,0
17585,224.0,4,1133.07,0
17589,34.0,4,2404.17,1
17590,152.0,3,1479.22,0
17591,94.0,7,2225.9700000000003,1
17593,93.0,5,3927.34,1
17595,303.0,2,388.79,2
17596,154.0,7,2827.93,1
17597,67.0,1,2044.3700000000001,0
17602,152.0,6,5102.97,1
17604,189.0,2,309.36,0
17608,183.0,2,193.42,0
17609,69.0,5,1112.22,0
17611,37.0,15,3984.22,1
17612,97.0,6,2048.45,1
17613,162.0,14,4559.150000000001,1
17615,337.0,3,329.6,2
17616,517.0,3,571.1999999999999,2
17618,221.0,3,971.58,0
17620,31.0,1,81.44,0
17623,153.0,1,527.0500000000001,0
17624,219.0,2,843.48,0
17629,33.0,8,1814.12,1
17631,121.0,3,528.33,0
17633,33.0,4,1324.84,0
17634,36.0,9,2361.9700000000003,1
17637,122.0,2,547.0600000000001,0
17639,130.0,1,108.5,0
17642,3.0,2,712.29,0
17643,698.0,1,101.55,2
17644,33.0,11,2895.64,1
17646,250.0,3,1008.39,0
17647,215.0,1,133.06,2
17648,62.0,4,1797.5,0
17651,122.0,10,3945.0,1
17652,62.0,12,4867.72,1
17653,33.0,4,1207.56,0
17654,161.0,1,117.55,0
17655,131.0,7,2638.94,1
17656,2.0,5,1674.69,1
17658,6.0,2,595.42,0
17659,31.0,12,2999.46,1
17663,126.0,7,1802.91,1
17664,36.0,2,604.64,0
17666,182.0,2,728.16,0
17667,6.0,5,2055.51,1
17668,121.0,2,347.75,0
17669,94.0,7,3406.7200000000003,1
17671,5.0,4,1572.71,0
17672,284.0,2,3178.17,0
17673,121.0,6,1629.12,1
17674,547.0,2,551.04,2
17675,4.0,31,20374.28,1
17676,1.0,6,1387.68,1
17677,30.0,30,16363.23,1
17682,190.0,6,2474.33,1
17685,2.0,7,3191.53,1
17686,33.0,7,5739.46,1
17690,91.0,15,4757.95,1
17691,547.0,2,290.40000000000003,2
17692,162.0,4,740.9399999999999,0
17696,157.0,8,2285.71,1
17700,67.0,4,2534.64,1
17701,341.0,1,417.95,2
17702,91.0,4,1824.37,0
17703,244.0,3,798.74,0
17705,39.0,9,1823.52,1
17706,62.0,17,10504.49,1
17707,158.0,2,152.4,0
17708,219.0,2,267.08,0
17716,61.0,11,5655.99,1
17719,2.0,15,5396.04,1
17720,517.0,4,1195.94,2
17722,246.0,4,2424.04,1
17723,97.0,6,3276.4000000000005,1
17725,251.0,11,3439.08,1
17728,182.0,3,2876.01,0
17730,30.0,13,5298.4800000000005,1
17731,96.0,4,1240.11,0
17732,667.0,1,303.97,2
17733,334.0,2,692.19,2
17735,126.0,19,13110.02,1
17737,1.0,2,168.24,0
17738,311.0,4,1879.05,2
17739,71.0,7,2791.35,1
17742,40.0,2,355.11,0
17744,182.0,6,2322.4,1
17750,243.0,9,1797.57,1
17754,90.0,5,1772.26,1
17757,65.0,30,5605.29,1
17758,65.0,8,3456.7000000000003,1
17760,698.0,2,287.59,2
17761,153.0,1,712.78,0
17764,6.0,2,818.8199999999999,0
17765,248.0,3,371.88,2
17768,183.0,3,2273.1800000000003,0
17769,31.0,10,3997.98,1
17770,36.0,5,1143.27,0
17774,162.0,4,1225.41,0
17781,279.0,2,188.02,2
17783,190.0,2,283.47,0
17787,65.0,4,1865.19,1
17788,306.0,2,1117.9,2
17789,283.0,1,225.9,2
17790,4.0,14,1965.55,1
17791,61.0,1,106.1,0
17796,101.0,4,697.9,0
17797,66.0,3,780.43,0
17799,37.0,10,3055.93,1
17800,38.0,9,1199.01,1
17802,5.0,3,1285.04,0
17809,39.0,12,5411.91,1
17811,2.0,39,7837.7300000000005,1
17812,334.0,4,732.16,2
17813,184.0,5,1770.8799999999999,1
17816,215.0,4,36.56,2
17817,160.0,3,387.68,0
17819,66.0,7,3704.87,1
17827,37.0,5,1995.46,1
17828,127.0,4,1820.09,0
17830,121.0,3,398.7,0
17831,183.0,1,35.400000000000006,2
17835,152.0,3,350.64,0
17837,31.0,8,1593.38,1
17838,32.0,5,2779.3,1
17841,1.0,124,40991.57,1
17843,100.0,1,205.48,0
17848,251.0,9,901.1999999999999,1
17849,71.0,4,605.8000000000001,0
17850,667.0,34,5391.21,1
17854,158.0,2,311.26,0
17855,667.0,1,208.97,2
17856,121.0,4,1418.03,0
17857,33.0,23,26879.04,1
17858,3.0,12,5155.66,1
17859,131.0,1,148.21,0
17860,547.0,1,252.8,2
17861,61.0,8,2100.8,1
17863,31.0,6,3160.0,1
17864,32.0,3,597.5,0
17865,2.0,20,10526.32,1
17867,91.0,6,1197.1000000000001,1
17869,128.0,5,428.18,0
17870,93.0,12,1894.35,1
17873,127.0,5,1859.16,1
17874,158.0,6,683.46,0
17880,425.0,1,458.92,2
17881,131.0,1,133.35000000000002,0
17883,159.0,4,671.77,0
17884,182.0,4,717.45,0
17886,122.0,3,899.61,0
17887,305.0,1,111.35,2
17888,31.0,8,726.05,1
17889,36.0,2,203.87,0
17892,157.0,3,244.1,0
17894,246.0,8,1119.81,1
17897,517.0,3,566.6,2
17899,279.0,1,155.8,2
17900,308.0,2,112.19999999999999,2
17901,60.0,1,110.38,0
17905,187.0,4,800.24,0
17906,189.0,1,72.9,2
17908,698.0,1,243.28,2
17912,312.0,5,311.01,2
17913,1.0,2,411.6,0
17914,182.0,1,336.43,0
17917,364.0,3,341.28,2
17919,2.0,1,1304.04,0
17920,183.0,17,4204.1,1
17921,183.0,4,826.52,0
17923,311.0,1,207.50000000000003,2
17924,39.0,7,2962.5,1
17925,667.0,1,244.08,2
17928,159.0,2,212.54,0
17929,253.0,4,843.0,0
17930,184.0,5,1740.48,1
17932,6.0,3,1331.57,0
17934,1.0,2,704.25,0
17936,243.0,1,389.84,2
17937,122.0,7,4301.22,1
17939,279.0,1,99.14,2
17940,70.0,10,4106.4400000000005,1
17941,337.0,1,304.56,2
17942,302.0,1,77.50000000000001,2
17947,303.0,1,176.68,2
17949,4.0,45,58510.48,1
17950,455.0,3,482.2,2
17951,698.0,3,1008.5400000000001,2
17954,125.0,12,2332.72,1
17955,220.0,4,557.3,0
17956,251.0,1,12.75,2
17957,245.0,1,111.68,2
17961,2.0,39,1296.44,1
17964,122.0,2,471.7,0
17965,10.0,14,2622.57,1
17966,34.0,5,1098.43,0
17967,639.0,1,123.07,2
17968,698.0,1,277.35,2
17970,5.0,1,582.59,0
17972,7.0,1,136.04,0
17974,250.0,3,740.79,0
17975,154.0,13,4488.81,1
17976,667.0,1,353.19,2
17977,61.0,1,288.14,0
17978,455.0,1,300.91999999999996,2
17979,244.0,4,757.71,0
17987,158.0,1,198.57,0
17988,338.0,7,201.12,2
17994,38.0,4,678.49,0
17995,283.0,1,76.1,2
17997,65.0,8,1970.6699999999998,1
17999,303.0,2,382.06,2
18004,364.0,1,169.47,2
18005,182.0,2,249.72,0
18008,37.0,9,2116.19,1
18011,697.0,1,102.78999999999999,2
18013,157.0,2,187.29,0
18014,30.0,1,166.42,0
18015,213.0,1,120.03,2
18016,153.0,5,1483.56,1
18017,312.0,3,523.0,2
18022,244.0,1,668.11,2
18024,65.0,2,389.78,0
18027,305.0,1,115.31,2
18030,213.0,2,230.64999999999998,0
18032,101.0,1,73.5,0
18033,214.0,1,97.97,2
18035,244.0,3,730.4,0
18036,129.0,3,405.62,0
18037,126.0,6,70.02,0
18040,129.0,2,357.20000000000005,0
18041,67.0,21,4183.39,1
18043,486.0,3,559.51,2
18044,213.0,10,2088.6,1
18055,278.0,10,6784.1900000000005,1
18059,276.0,3,306.46,2
18061,34.0,10,2119.41,1
18062,193.0,3,720.52,0
18065,96.0,14,2392.83,1
18069,2.0,5,2036.67,1
18071,455.0,2,453.0,2
18072,158.0,1,247.44,0
18073,157.0,12,3877.5200000000004,1
18074,698.0,1,489.6,2
18075,31.0,10,2611.75,1
18077,33.0,11,2633.0099999999998,1
18078,189.0,2,336.13,0
18079,217.0,4,3651.97,1
18080,37.0,2,1231.5,0
18081,275.0,3,343.45,2
18085,698.0,2,689.95,2
18086,69.0,1,101.34,0
18087,305.0,2,4055.7199999999993,2
18088,92.0,1,167.67000000000002,0
18092,3.0,11,9068.26,1
18093,33.0,4,2106.52,1
18094,220.0,7,3017.3,1
18095,40.0,2,580.0500000000001,0
18096,154.0,3,911.15,0
18097,217.0,6,2697.8,1
18099,247.0,1,168.31,2
18102,90.0,60,259657.3,1
18104,303.0,1,754.64,2
18105,303.0,1,113.48000000000002,2
18109,5.0,26,8052.97,1
18113,547.0,1,76.32000000000001,2
18116,276.0,8,1418.03,1
18118,30.0,26,5653.82,1
18119,517.0,1,181.12,2
18120,97.0,1,111.15,0
18121,126.0,2,673.1,0
18122,4.0,6,1826.21,1
18123,122.0,2,589.4399999999999,0
18125,61.0,4,1142.99,0
18126,62.0,1,206.82999999999998,0
18129,68.0,1,112.55000000000001,0
18130,30.0,3,1059.39,0
18133,36.0,1,931.4999999999999,0
18135,60.0,5,681.9100000000001,0
18136,6.0,3,784.33,0
18142,128.0,2,1019.52,0
18144,36.0,12,2888.75,1
18146,281.0,2,160.35000000000002,2
18149,38.0,3,612.0799999999999,0
18150,153.0,3,566.58,0
18154,182.0,2,399.19,0
18156,578.0,2,734.94,2
18158,2.0,2,453.4,0
18159,39.0,1,530.15,0
18161,184.0,5,1618.69,1
18164,303.0,1,399.65000000000003,2
18167,244.0,3,1384.8600000000001,0
18168,70.0,6,1169.94,1
18169,62.0,1,202.65,0
18170,183.0,3,980.31,0
18171,1.0,5,1231.31,1
18172,5.0,20,7561.68,1
18173,69.0,4,2106.84,1
18174,302.0,1,104.0,2
18177,122.0,6,1341.42,1
18178,250.0,4,1590.81,0
18179,163.0,6,1793.17,1
18180,2.0,6,1843.75,1
18183,69.0,2,632.07,0
18185,251.0,1,304.25,2
18196,216.0,2,689.13,0
18198,122.0,17,5425.56,1
18202,343.0,3,1396.99,2
18203,218.0,1,160.42000000000002,2
18205,275.0,2,517.36,2
18209,30.0,1,139.10000000000002,0
18210,61.0,6,2621.38,1
18211,191.0,5,600.07,0
18215,32.0,1,299.34000000000003,0
18216,122.0,1,481.75,0
18217,61.0,2,621.75,0
18218,6.0,2,662.08,0
18219,97.0,10,2069.77,1
18221,6.0,5,1041.61,0
18222,124.0,1,443.0,0
18223,191.0,14,6484.54,1
18225,162.0,12,5509.12,1
18226,33.0,11,5228.05,1
18227,189.0,1,93.75,2
18229,1.0,20,7276.900000000001,1
18230,61.0,7,2810.2000000000003,1
18232,218.0,4,592.97,0
18235,33.0,3,1796.48,0
18236,61.0,6,882.24,0
18237,3.0,5,987.1,0
18239,220.0,5,1561.6100000000001,0
18241,31.0,17,2073.09,1
18242,67.0,4,2232.4900000000002,1
18245,6.0,7,2567.06,1
18248,94.0,2,804.02,0
18250,312.0,1,349.27,2
18255,32.0,1,103.3,0
18257,276.0,8,2337.63,1
18259,486.0,3,2338.6000000000004,2
18260,101.0,6,2643.2000000000003,1
18261,216.0,2,324.24,0
18263,157.0,3,1213.1599999999999,0
18265,248.0,2,801.51,0
18269,486.0,1,168.6,2
18270,334.0,2,283.15,2
18272,4.0,6,3078.58,1
18273,152.0,3,204.0,0
18274,91.0,1,175.92,0
18277,1.0,1,110.38,0
18280,161.0,1,180.60000000000002,0
18281,5.0,1,80.82,0
18282,217.0,2,178.05,2
18283,61.0,16,2094.88,1
18287,1.0,3,1837.28,0
